stream_id,stream_name,run_id,step,percent,processed,f0_exact,n_t_estimate,relative_error
0,small_50pct,0,0,5.0,500,479,480.99,0.004158
0,small_50pct,0,1,10.0,1000,924,926.72,0.002946
0,small_50pct,0,2,15.0,1500,1333,1341.45,0.006337
0,small_50pct,0,3,20.0,2000,1725,1732.45,0.004319
0,small_50pct,0,4,25.0,2500,2092,2098.88,0.003287
0,small_50pct,0,5,30.0,3000,2419,2428.39,0.003883
0,small_50pct,0,6,35.0,3500,2725,2732.74,0.002841
0,small_50pct,0,7,40.0,4000,3003,3019.99,0.005657
0,small_50pct,0,8,45.0,4500,3256,3264.69,0.002670
0,small_50pct,0,9,50.0,5000,3486,3485.87,-0.000037
0,small_50pct,0,10,55.0,5500,3702,3711.33,0.002520
0,small_50pct,0,11,60.0,6000,3907,3914.51,0.001923
0,small_50pct,0,12,65.0,6500,4087,4090.70,0.000905
0,small_50pct,0,13,70.0,7000,4269,4280.49,0.002691
0,small_50pct,0,14,75.0,7500,4423,4427.89,0.001104
0,small_50pct,0,15,80.0,8000,4556,4559.44,0.000755
0,small_50pct,0,16,85.0,8500,4689,4692.06,0.000653
0,small_50pct,0,17,90.0,9000,4792,4800.28,0.001728
0,small_50pct,0,18,95.0,9500,4911,4922.71,0.002385
0,small_50pct,0,19,100.0,10000,5000,5014.81,0.002961
0,small_50pct,1,0,5.0,500,475,471.73,-0.006892
0,small_50pct,1,1,10.0,1000,928,925.66,-0.002518
0,small_50pct,1,2,15.0,1500,1348,1349.05,0.000776
0,small_50pct,1,3,20.0,2000,1723,1721.34,-0.000964
0,small_50pct,1,4,25.0,2500,2079,2085.24,0.003003
0,small_50pct,1,5,30.0,3000,2413,2394.79,-0.007545
0,small_50pct,1,6,35.0,3500,2722,2709.13,-0.004729
0,small_50pct,1,7,40.0,4000,3007,2980.36,-0.008860
0,small_50pct,1,8,45.0,4500,3235,3202.57,-0.010026
0,small_50pct,1,9,50.0,5000,3463,3425.36,-0.010868
0,small_50pct,1,10,55.0,5500,3704,3666.24,-0.010195
0,small_50pct,1,11,60.0,6000,3894,3860.00,-0.008732
0,small_50pct,1,12,65.0,6500,4076,4033.04,-0.010540
0,small_50pct,1,13,70.0,7000,4255,4209.22,-0.010759
0,small_50pct,1,14,75.0,7500,4403,4358.59,-0.010087
0,small_50pct,1,15,80.0,8000,4538,4477.75,-0.013276
0,small_50pct,1,16,85.0,8500,4668,4611.04,-0.012203
0,small_50pct,1,17,90.0,9000,4794,4737.40,-0.011806
0,small_50pct,1,18,95.0,9500,4897,4844.57,-0.010706
0,small_50pct,1,19,100.0,10000,5000,4947.04,-0.010592
0,small_50pct,2,0,5.0,500,481,482.02,0.002124
0,small_50pct,2,1,10.0,1000,932,936.25,0.004558
0,small_50pct,2,2,15.0,1500,1357,1359.91,0.002143
0,small_50pct,2,3,20.0,2000,1736,1732.45,-0.002045
0,small_50pct,2,4,25.0,2500,2085,2089.79,0.002296
0,small_50pct,2,5,30.0,3000,2422,2431.87,0.004077
0,small_50pct,2,6,35.0,3500,2731,2738.65,0.002801
0,small_50pct,2,7,40.0,4000,2999,3024.80,0.008603
0,small_50pct,2,8,45.0,4500,3246,3257.37,0.003504
0,small_50pct,2,9,50.0,5000,3486,3509.39,0.006710
0,small_50pct,2,10,55.0,5500,3693,3705.06,0.003265
0,small_50pct,2,11,60.0,6000,3894,3908.16,0.003638
0,small_50pct,2,12,65.0,6500,4086,4106.11,0.004922
0,small_50pct,2,13,70.0,7000,4253,4286.98,0.007990
0,small_50pct,2,14,75.0,7500,4408,4444.93,0.008377
0,small_50pct,2,15,80.0,8000,4547,4579.27,0.007096
0,small_50pct,2,16,85.0,8500,4684,4705.39,0.004566
0,small_50pct,2,17,90.0,9000,4813,4833.82,0.004327
0,small_50pct,2,18,95.0,9500,4907,4932.17,0.005130
0,small_50pct,2,19,100.0,10000,5000,5033.83,0.006766
0,small_50pct,3,0,5.0,500,482,483.05,0.002181
0,small_50pct,3,1,10.0,1000,935,944.72,0.010397
0,small_50pct,3,2,15.0,1500,1339,1346.87,0.005881
0,small_50pct,3,3,20.0,2000,1720,1735.79,0.009177
0,small_50pct,3,4,25.0,2500,2072,2081.84,0.004747
0,small_50pct,3,5,30.0,3000,2410,2423.76,0.005708
0,small_50pct,3,6,35.0,3500,2701,2710.31,0.003446
0,small_50pct,3,7,40.0,4000,2975,2988.76,0.004624
0,small_50pct,3,8,45.0,4500,3225,3224.47,-0.000165
0,small_50pct,3,9,50.0,5000,3470,3461.15,-0.002551
0,small_50pct,3,10,55.0,5500,3692,3703.80,0.003197
0,small_50pct,3,11,60.0,6000,3901,3910.70,0.002488
0,small_50pct,3,12,65.0,6500,4073,4084.28,0.002770
0,small_50pct,3,13,70.0,7000,4235,4235.10,0.000023
0,small_50pct,3,14,75.0,7500,4392,4391.24,-0.000174
0,small_50pct,3,15,80.0,8000,4544,4548.88,0.001074
0,small_50pct,3,16,85.0,8500,4683,4682.75,-0.000054
0,small_50pct,3,17,90.0,9000,4801,4797.60,-0.000708
0,small_50pct,3,18,95.0,9500,4907,4906.52,-0.000098
0,small_50pct,3,19,100.0,10000,5000,4998.52,-0.000297
0,small_50pct,4,0,5.0,500,482,476.87,-0.010637
0,small_50pct,4,1,10.0,1000,936,927.78,-0.008782
0,small_50pct,4,2,15.0,1500,1351,1346.87,-0.003053
0,small_50pct,4,3,20.0,2000,1744,1732.45,-0.006623
0,small_50pct,4,4,25.0,2500,2099,2087.51,-0.005472
0,small_50pct,4,5,30.0,3000,2430,2419.12,-0.004478
0,small_50pct,4,6,35.0,3500,2729,2715.03,-0.005120
0,small_50pct,4,7,40.0,4000,2996,2977.96,-0.006022
0,small_50pct,4,8,45.0,4500,3257,3236.65,-0.006249
0,small_50pct,4,9,50.0,5000,3492,3461.15,-0.008835
0,small_50pct,4,10,55.0,5500,3697,3659.98,-0.010012
0,small_50pct,4,11,60.0,6000,3890,3844.82,-0.011615
0,small_50pct,4,12,65.0,6500,4072,4020.25,-0.012708
0,small_50pct,4,13,70.0,7000,4245,4182.09,-0.014820
0,small_50pct,4,14,75.0,7500,4385,4335.12,-0.011376
0,small_50pct,4,15,80.0,8000,4531,4484.33,-0.010301
0,small_50pct,4,16,85.0,8500,4668,4618.99,-0.010499
0,small_50pct,4,17,90.0,9000,4794,4744.08,-0.010413
0,small_50pct,4,18,95.0,9500,4897,4852.64,-0.009059
0,small_50pct,4,19,100.0,10000,5000,4964.63,-0.007073
0,small_50pct,5,0,5.0,500,481,478.93,-0.004299
0,small_50pct,5,1,10.0,1000,928,926.72,-0.001378
0,small_50pct,5,2,15.0,1500,1345,1344.70,-0.000220
0,small_50pct,5,3,20.0,2000,1720,1715.79,-0.002450
0,small_50pct,5,4,25.0,2500,2091,2082.97,-0.003840
0,small_50pct,5,5,30.0,3000,2403,2400.58,-0.001006
0,small_50pct,5,6,35.0,3500,2682,2684.37,0.000884
0,small_50pct,5,7,40.0,4000,2963,2951.60,-0.003849
0,small_50pct,5,8,45.0,4500,3222,3213.51,-0.002634
0,small_50pct,5,9,50.0,5000,3456,3445.10,-0.003155
0,small_50pct,5,10,55.0,5500,3677,3671.24,-0.001566
0,small_50pct,5,11,60.0,6000,3882,3876.46,-0.001427
0,small_50pct,5,12,65.0,6500,4060,4048.40,-0.002858
0,small_50pct,5,13,70.0,7000,4226,4214.39,-0.002747
0,small_50pct,5,14,75.0,7500,4390,4383.40,-0.001504
0,small_50pct,5,15,80.0,8000,4522,4513.28,-0.001929
0,small_50pct,5,16,85.0,8500,4658,4645.52,-0.002678
0,small_50pct,5,17,90.0,9000,4777,4772.16,-0.001014
0,small_50pct,5,18,95.0,9500,4889,4876.86,-0.002483
0,small_50pct,5,19,100.0,10000,5000,4984.95,-0.003009
0,small_50pct,6,0,5.0,500,481,475.84,-0.010720
0,small_50pct,6,1,10.0,1000,919,919.32,0.000344
0,small_50pct,6,2,15.0,1500,1339,1334.94,-0.003035
0,small_50pct,6,3,20.0,2000,1725,1721.34,-0.002123
0,small_50pct,6,4,25.0,2500,2074,2069.35,-0.002242
0,small_50pct,6,5,30.0,3000,2406,2394.79,-0.004657
0,small_50pct,6,6,35.0,3500,2705,2700.87,-0.001526
0,small_50pct,6,7,40.0,4000,2976,2977.96,0.000658
0,small_50pct,6,8,45.0,4500,3236,3235.43,-0.000177
0,small_50pct,6,9,50.0,5000,3471,3477.21,0.001790
0,small_50pct,6,10,55.0,5500,3710,3720.11,0.002725
0,small_50pct,6,11,60.0,6000,3907,3933.57,0.006801
0,small_50pct,6,12,65.0,6500,4088,4115.11,0.006631
0,small_50pct,6,13,70.0,7000,4270,4305.18,0.008238
0,small_50pct,6,14,75.0,7500,4425,4471.18,0.010437
0,small_50pct,6,15,80.0,8000,4567,4632.25,0.014287
0,small_50pct,6,16,85.0,8500,4700,4758.78,0.012506
0,small_50pct,6,17,90.0,9000,4807,4866.09,0.012293
0,small_50pct,6,18,95.0,9500,4920,4983.60,0.012927
0,small_50pct,6,19,100.0,10000,5000,5054.24,0.010848
0,small_50pct,7,0,5.0,500,477,476.87,-0.000266
0,small_50pct,7,1,10.0,1000,925,928.84,0.004149
0,small_50pct,7,2,15.0,1500,1339,1347.96,0.006692
0,small_50pct,7,3,20.0,2000,1733,1750.24,0.009951
0,small_50pct,7,4,25.0,2500,2080,2086.38,0.003067
0,small_50pct,7,5,30.0,3000,2419,2422.60,0.001487
0,small_50pct,7,6,35.0,3500,2700,2715.03,0.005566
0,small_50pct,7,7,40.0,4000,2993,3000.76,0.002593
0,small_50pct,7,8,45.0,4500,3231,3252.49,0.006652
0,small_50pct,7,9,50.0,5000,3463,3489.58,0.007676
0,small_50pct,7,10,55.0,5500,3700,3723.87,0.006453
0,small_50pct,7,11,60.0,6000,3887,3903.09,0.004139
0,small_50pct,7,12,65.0,6500,4076,4098.40,0.005497
0,small_50pct,7,13,70.0,7000,4254,4284.38,0.007142
0,small_50pct,7,14,75.0,7500,4395,4427.89,0.007482
0,small_50pct,7,15,80.0,8000,4549,4575.30,0.005781
0,small_50pct,7,16,85.0,8500,4675,4702.72,0.005929
0,small_50pct,7,17,90.0,9000,4795,4828.45,0.006977
0,small_50pct,7,18,95.0,9500,4902,4914.61,0.002573
0,small_50pct,7,19,100.0,10000,5000,5008.02,0.001603
0,small_50pct,8,0,5.0,500,483,483.05,0.000107
0,small_50pct,8,1,10.0,1000,933,926.72,-0.006729
0,small_50pct,8,2,15.0,1500,1350,1351.22,0.000902
0,small_50pct,8,3,20.0,2000,1726,1725.78,-0.000126
0,small_50pct,8,4,25.0,2500,2086,2081.84,-0.001996
0,small_50pct,8,5,30.0,3000,2402,2397.11,-0.002036
0,small_50pct,8,6,35.0,3500,2713,2713.85,0.000313
0,small_50pct,8,7,40.0,4000,2984,2993.56,0.003203
0,small_50pct,8,8,45.0,4500,3235,3235.43,0.000132
0,small_50pct,8,9,50.0,5000,3467,3464.85,-0.000619
0,small_50pct,8,10,55.0,5500,3672,3671.24,-0.000207
0,small_50pct,8,11,60.0,6000,3880,3880.26,0.000068
0,small_50pct,8,12,65.0,6500,4062,4065.05,0.000750
0,small_50pct,8,13,70.0,7000,4223,4229.92,0.001639
0,small_50pct,8,14,75.0,7500,4385,4386.01,0.000230
0,small_50pct,8,15,80.0,8000,4532,4533.05,0.000231
0,small_50pct,8,16,85.0,8500,4670,4673.43,0.000735
0,small_50pct,8,17,90.0,9000,4791,4793.58,0.000538
0,small_50pct,8,18,95.0,9500,4909,4909.22,0.000044
0,small_50pct,8,19,100.0,10000,5000,4999.87,-0.000025
0,small_50pct,9,0,5.0,500,490,492.32,0.004742
0,small_50pct,9,1,10.0,1000,915,921.43,0.007029
0,small_50pct,9,2,15.0,1500,1328,1331.68,0.002773
0,small_50pct,9,3,20.0,2000,1716,1716.90,0.000522
0,small_50pct,9,4,25.0,2500,2082,2094.33,0.005923
0,small_50pct,9,5,30.0,3000,2415,2430.71,0.006507
0,small_50pct,9,6,35.0,3500,2725,2742.20,0.006311
0,small_50pct,9,7,40.0,4000,2997,3011.57,0.004863
0,small_50pct,9,8,45.0,4500,3270,3283.01,0.003979
0,small_50pct,9,9,50.0,5000,3513,3525.50,0.003560
0,small_50pct,9,10,55.0,5500,3730,3752.77,0.006104
0,small_50pct,9,11,60.0,6000,3930,3953.93,0.006088
0,small_50pct,9,12,65.0,6500,4108,4121.54,0.003295
0,small_50pct,9,13,70.0,7000,4265,4277.89,0.003022
0,small_50pct,9,14,75.0,7500,4417,4427.89,0.002464
0,small_50pct,9,15,80.0,8000,4560,4562.08,0.000457
0,small_50pct,9,16,85.0,8500,4699,4694.73,-0.000909
0,small_50pct,9,17,90.0,9000,4805,4794.92,-0.002098
0,small_50pct,9,18,95.0,9500,4905,4890.34,-0.002990
0,small_50pct,9,19,100.0,10000,5000,4978.18,-0.004364
1,small_80pct,0,0,5.0,500,494,498.51,0.009125
1,small_80pct,0,1,10.0,1000,971,980.78,0.010071
1,small_80pct,0,2,15.0,1500,1432,1448.16,0.011282
1,small_80pct,0,3,20.0,2000,1892,1911.27,0.010184
1,small_80pct,0,4,25.0,2500,2343,2363.58,0.008782
1,small_80pct,0,5,30.0,3000,2781,2795.48,0.005207
1,small_80pct,0,6,35.0,3500,3216,3229.34,0.004147
1,small_80pct,0,7,40.0,4000,3643,3649.99,0.001917
1,small_80pct,0,8,45.0,4500,4066,4085.57,0.004812
1,small_80pct,0,9,50.0,5000,4464,4471.18,0.001609
1,small_80pct,0,10,55.0,5500,4842,4855.33,0.002753
1,small_80pct,0,11,60.0,6000,5228,5244.57,0.003169
1,small_80pct,0,12,65.0,6500,5608,5615.08,0.001262
1,small_80pct,0,13,70.0,7000,5983,5971.11,-0.001987
1,small_80pct,0,14,75.0,7500,6322,6321.81,-0.000030
1,small_80pct,0,15,80.0,8000,6663,6680.18,0.002579
1,small_80pct,0,16,85.0,8500,7024,7038.88,0.002119
1,small_80pct,0,17,90.0,9000,7358,7372.64,0.001990
1,small_80pct,0,18,95.0,9500,7682,7722.95,0.005331
1,small_80pct,0,19,100.0,10000,8000,8053.11,0.006638
1,small_80pct,1,0,5.0,500,497,496.45,-0.001115
1,small_80pct,1,1,10.0,1000,983,972.29,-0.010898
1,small_80pct,1,2,15.0,1500,1459,1444.88,-0.009679
1,small_80pct,1,3,20.0,2000,1913,1920.26,0.003795
1,small_80pct,1,4,25.0,2500,2367,2367.04,0.000017
1,small_80pct,1,5,30.0,3000,2810,2806.16,-0.001367
1,small_80pct,1,6,35.0,3500,3246,3243.96,-0.000629
1,small_80pct,1,7,40.0,4000,3652,3643.74,-0.002262
1,small_80pct,1,8,45.0,4500,4077,4058.64,-0.004503
1,small_80pct,1,9,50.0,5000,4473,4452.80,-0.004516
1,small_80pct,1,10,55.0,5500,4879,4859.36,-0.004024
1,small_80pct,1,11,60.0,6000,5253,5229.43,-0.004488
1,small_80pct,1,12,65.0,6500,5622,5616.49,-0.000980
1,small_80pct,1,13,70.0,7000,5976,5989.84,0.002316
1,small_80pct,1,14,75.0,7500,6339,6358.63,0.003096
1,small_80pct,1,15,80.0,8000,6703,6705.76,0.000412
1,small_80pct,1,16,85.0,8500,7036,7034.27,-0.000246
1,small_80pct,1,17,90.0,9000,7362,7342.87,-0.002598
1,small_80pct,1,18,95.0,9500,7691,7679.75,-0.001462
1,small_80pct,1,19,100.0,10000,8000,7992.73,-0.000909
1,small_80pct,2,0,5.0,500,490,488.20,-0.003670
1,small_80pct,2,1,10.0,1000,970,969.10,-0.000924
1,small_80pct,2,2,15.0,1500,1435,1432.87,-0.001485
1,small_80pct,2,3,20.0,2000,1892,1892.18,0.000093
1,small_80pct,2,4,25.0,2500,2346,2343.95,-0.000874
1,small_80pct,2,5,30.0,3000,2792,2774.15,-0.006394
1,small_80pct,2,6,35.0,3500,3230,3212.30,-0.005481
1,small_80pct,2,7,40.0,4000,3650,3635.00,-0.004110
1,small_80pct,2,8,45.0,4500,4074,4057.36,-0.004084
1,small_80pct,2,9,50.0,5000,4472,4465.93,-0.001358
1,small_80pct,2,10,55.0,5500,4875,4866.09,-0.001827
1,small_80pct,2,11,60.0,6000,5257,5258.35,0.000256
1,small_80pct,2,12,65.0,6500,5616,5610.85,-0.000916
1,small_80pct,2,13,70.0,7000,5990,5988.40,-0.000267
1,small_80pct,2,14,75.0,7500,6351,6360.10,0.001433
1,small_80pct,2,15,80.0,8000,6689,6708.77,0.002956
1,small_80pct,2,16,85.0,8500,7036,7074.26,0.005438
1,small_80pct,2,17,90.0,9000,7355,7400.90,0.006240
1,small_80pct,2,18,95.0,9500,7684,7748.61,0.008408
1,small_80pct,2,19,100.0,10000,8000,8049.84,0.006230
1,small_80pct,3,0,5.0,500,495,497.48,0.005003
1,small_80pct,3,1,10.0,1000,984,986.09,0.002122
1,small_80pct,3,2,15.0,1500,1457,1457.99,0.000680
1,small_80pct,3,3,20.0,2000,1918,1915.76,-0.001166
1,small_80pct,3,4,25.0,2500,2379,2367.04,-0.005027
1,small_80pct,3,5,30.0,3000,2813,2809.72,-0.001166
1,small_80pct,3,6,35.0,3500,3241,3236.65,-0.001343
1,small_80pct,3,7,40.0,4000,3653,3648.74,-0.001167
1,small_80pct,3,8,45.0,4500,4067,4031.76,-0.008665
1,small_80pct,3,9,50.0,5000,4472,4438.37,-0.007520
1,small_80pct,3,10,55.0,5500,4859,4829.80,-0.006010
1,small_80pct,3,11,60.0,6000,5235,5189.57,-0.008678
1,small_80pct,3,12,65.0,6500,5602,5557.42,-0.007958
1,small_80pct,3,13,70.0,7000,5951,5905.02,-0.007727
1,small_80pct,3,14,75.0,7500,6300,6242.58,-0.009115
1,small_80pct,3,15,80.0,8000,6653,6597.70,-0.008312
1,small_80pct,3,16,85.0,8500,6978,6904.21,-0.010575
1,small_80pct,3,17,90.0,9000,7316,7257.00,-0.008065
1,small_80pct,3,18,95.0,9500,7666,7608.00,-0.007566
1,small_80pct,3,19,100.0,10000,8000,7937.44,-0.007820
1,small_80pct,4,0,5.0,500,494,491.29,-0.005480
1,small_80pct,4,1,10.0,1000,975,965.92,-0.009311
1,small_80pct,4,2,15.0,1500,1447,1442.69,-0.002976
1,small_80pct,4,3,20.0,2000,1920,1913.52,-0.003377
1,small_80pct,4,4,25.0,2500,2374,2347.41,-0.011200
1,small_80pct,4,5,30.0,3000,2819,2784.81,-0.012128
1,small_80pct,4,6,35.0,3500,3245,3211.08,-0.010453
1,small_80pct,4,7,40.0,4000,3656,3639.99,-0.004379
1,small_80pct,4,8,45.0,4500,4084,4076.59,-0.001815
1,small_80pct,4,9,50.0,5000,4486,4492.22,0.001386
1,small_80pct,4,10,55.0,5500,4866,4883.60,0.003616
1,small_80pct,4,11,60.0,6000,5239,5254.21,0.002904
1,small_80pct,4,12,65.0,6500,5617,5620.72,0.000662
1,small_80pct,4,13,70.0,7000,5987,5984.08,-0.000488
1,small_80pct,4,14,75.0,7500,6349,6349.78,0.000123
1,small_80pct,4,15,80.0,8000,6709,6720.82,0.001762
1,small_80pct,4,16,85.0,8500,7043,7052.72,0.001380
1,small_80pct,4,17,90.0,9000,7372,7386.76,0.002003
1,small_80pct,4,18,95.0,9500,7677,7689.34,0.001608
1,small_80pct,4,19,100.0,10000,8000,8025.34,0.003167
1,small_80pct,5,0,5.0,500,495,498.51,0.007086
1,small_80pct,5,1,10.0,1000,984,995.65,0.011838
1,small_80pct,5,2,15.0,1500,1450,1462.36,0.008526
1,small_80pct,5,3,20.0,2000,1909,1922.51,0.007076
1,small_80pct,5,4,25.0,2500,2363,2389.01,0.011007
1,small_80pct,5,5,30.0,3000,2809,2839.42,0.010831
1,small_80pct,5,6,35.0,3500,3246,3283.01,0.011402
1,small_80pct,5,7,40.0,4000,3673,3696.28,0.006339
1,small_80pct,5,8,45.0,4500,4084,4095.84,0.002898
1,small_80pct,5,9,50.0,5000,4478,4481.70,0.000825
1,small_80pct,5,10,55.0,5500,4874,4875.52,0.000311
1,small_80pct,5,11,60.0,6000,5254,5239.06,-0.002844
1,small_80pct,5,12,65.0,6500,5624,5606.63,-0.003089
1,small_80pct,5,13,70.0,7000,5985,5961.04,-0.004004
1,small_80pct,5,14,75.0,7500,6335,6321.81,-0.002082
1,small_80pct,5,15,80.0,8000,6690,6680.18,-0.001468
1,small_80pct,5,16,85.0,8500,7026,7011.24,-0.002100
1,small_80pct,5,17,90.0,9000,7380,7385.19,0.000704
1,small_80pct,5,18,95.0,9500,7703,7698.94,-0.000527
1,small_80pct,5,19,100.0,10000,8000,8015.55,0.001944
1,small_80pct,6,0,5.0,500,496,492.32,-0.007413
1,small_80pct,6,1,10.0,1000,971,962.74,-0.008507
1,small_80pct,6,2,15.0,1500,1437,1431.78,-0.003634
1,small_80pct,6,3,20.0,2000,1891,1885.44,-0.002939
1,small_80pct,6,4,25.0,2500,2340,2341.64,0.000701
1,small_80pct,6,5,30.0,3000,2801,2812.09,0.003961
1,small_80pct,6,6,35.0,3500,3247,3254.93,0.002443
1,small_80pct,6,7,40.0,4000,3672,3682.51,0.002861
1,small_80pct,6,8,45.0,4500,4069,4063.77,-0.001286
1,small_80pct,6,9,50.0,5000,4487,4484.33,-0.000596
1,small_80pct,6,10,55.0,5500,4878,4875.52,-0.000509
1,small_80pct,6,11,60.0,6000,5270,5283.18,0.002500
1,small_80pct,6,12,65.0,6500,5639,5648.93,0.001760
1,small_80pct,6,13,70.0,7000,6001,6020.14,0.003189
1,small_80pct,6,14,75.0,7500,6341,6348.31,0.001153
1,small_80pct,6,15,80.0,8000,6702,6710.28,0.001235
1,small_80pct,6,16,85.0,8500,7035,7066.56,0.004487
1,small_80pct,6,17,90.0,9000,7372,7399.33,0.003707
1,small_80pct,6,18,95.0,9500,7693,7729.36,0.004727
1,small_80pct,6,19,100.0,10000,8000,8059.65,0.007456
1,small_80pct,7,0,5.0,500,494,489.23,-0.009651
1,small_80pct,7,1,10.0,1000,979,980.78,0.001817
1,small_80pct,7,2,15.0,1500,1453,1450.34,-0.001830
1,small_80pct,7,3,20.0,2000,1909,1905.65,-0.001755
1,small_80pct,7,4,25.0,2500,2360,2345.10,-0.006312
1,small_80pct,7,5,30.0,3000,2801,2776.52,-0.008741
1,small_80pct,7,6,35.0,3500,3220,3200.13,-0.006169
1,small_80pct,7,7,40.0,4000,3650,3641.24,-0.002400
1,small_80pct,7,8,45.0,4500,4056,4054.80,-0.000296
1,small_80pct,7,9,50.0,5000,4463,4468.55,0.001245
1,small_80pct,7,10,55.0,5500,4860,4859.36,-0.000131
1,small_80pct,7,11,60.0,6000,5248,5237.68,-0.001966
1,small_80pct,7,12,65.0,6500,5631,5655.99,0.004437
1,small_80pct,7,13,70.0,7000,5996,6018.69,0.003785
1,small_80pct,7,14,75.0,7500,6361,6374.85,0.002177
1,small_80pct,7,15,80.0,8000,6706,6743.45,0.005584
1,small_80pct,7,16,85.0,8500,7028,7077.34,0.007021
1,small_80pct,7,17,90.0,9000,7372,7422.91,0.006905
1,small_80pct,7,18,95.0,9500,7684,7745.40,0.007991
1,small_80pct,7,19,100.0,10000,8000,8064.55,0.008069
1,small_80pct,8,0,5.0,500,496,496.45,0.000899
1,small_80pct,8,1,10.0,1000,975,972.29,-0.002782
1,small_80pct,8,2,15.0,1500,1444,1442.69,-0.000904
1,small_80pct,8,3,20.0,2000,1907,1907.90,0.000470
1,small_80pct,8,4,25.0,2500,2359,2365.89,0.002919
1,small_80pct,8,5,30.0,3000,2792,2810.91,0.006772
1,small_80pct,8,6,35.0,3500,3223,3240.30,0.005368
1,small_80pct,8,7,40.0,4000,3655,3676.25,0.005813
1,small_80pct,8,8,45.0,4500,4058,4081.72,0.005845
1,small_80pct,8,9,50.0,5000,4473,4502.74,0.006649
1,small_80pct,8,10,55.0,5500,4849,4901.12,0.010749
1,small_80pct,8,11,60.0,6000,5236,5294.23,0.011120
1,small_80pct,8,12,65.0,6500,5616,5691.33,0.013414
1,small_80pct,8,13,70.0,7000,5996,6078.00,0.013676
1,small_80pct,8,14,75.0,7500,6354,6453.25,0.015619
1,small_80pct,8,15,80.0,8000,6713,6808.47,0.014222
1,small_80pct,8,16,85.0,8500,7059,7162.28,0.014631
1,small_80pct,8,17,90.0,9000,7380,7485.95,0.014356
1,small_80pct,8,18,95.0,9500,7687,7800.04,0.014705
1,small_80pct,8,19,100.0,10000,8000,8123.55,0.015444
1,small_80pct,9,0,5.0,500,494,493.35,-0.001308
1,small_80pct,9,1,10.0,1000,982,990.34,0.008489
1,small_80pct,9,2,15.0,1500,1455,1457.99,0.002055
1,small_80pct,9,3,20.0,2000,1922,1932.63,0.005532
1,small_80pct,9,4,25.0,2500,2376,2375.13,-0.000366
1,small_80pct,9,5,30.0,3000,2814,2804.97,-0.003208
1,small_80pct,9,6,35.0,3500,3264,3253.71,-0.003152
1,small_80pct,9,7,40.0,4000,3684,3690.02,0.001634
1,small_80pct,9,8,45.0,4500,4077,4086.85,0.002416
1,small_80pct,9,9,50.0,5000,4476,4492.22,0.003623
1,small_80pct,9,10,55.0,5500,4872,4901.12,0.005977
1,small_80pct,9,11,60.0,6000,5239,5290.08,0.009750
1,small_80pct,9,12,65.0,6500,5609,5646.10,0.006615
1,small_80pct,9,13,70.0,7000,5984,6038.92,0.009178
1,small_80pct,9,14,75.0,7500,6325,6392.57,0.010682
1,small_80pct,9,15,80.0,8000,6663,6740.43,0.011621
1,small_80pct,9,16,85.0,8500,6999,7080.42,0.011634
1,small_80pct,9,17,90.0,9000,7345,7415.04,0.009536
1,small_80pct,9,18,95.0,9500,7669,7740.59,0.009335
1,small_80pct,9,19,100.0,10000,8000,8064.55,0.008069
2,medium_50pct,0,0,5.0,5000,4816,4805.64,-0.002151
2,medium_50pct,0,1,10.0,10000,9303,9352.27,0.005296
2,medium_50pct,0,2,15.0,15000,13478,13512.33,0.002547
2,medium_50pct,0,3,20.0,20000,17296,17307.49,0.000664
2,medium_50pct,0,4,25.0,25000,20840,20769.07,-0.003403
2,medium_50pct,0,5,30.0,30000,24089,24006.81,-0.003412
2,medium_50pct,0,6,35.0,35000,27051,26994.83,-0.002076
2,medium_50pct,0,7,40.0,40000,29855,29828.94,-0.000873
2,medium_50pct,0,8,45.0,45000,32424,32218.22,-0.006346
2,medium_50pct,0,9,50.0,50000,34798,34564.99,-0.006696
2,medium_50pct,0,10,55.0,55000,37012,36664.66,-0.009385
2,medium_50pct,0,11,60.0,60000,39029,38571.00,-0.011735
2,medium_50pct,0,12,65.0,65000,40882,41709.82,0.020249
2,medium_50pct,0,13,70.0,70000,42565,43274.69,0.016673
2,medium_50pct,0,14,75.0,75000,44078,44727.01,0.014724
2,medium_50pct,0,15,80.0,80000,45512,46080.94,0.012501
2,medium_50pct,0,16,85.0,85000,46796,47157.70,0.007729
2,medium_50pct,0,17,90.0,90000,47916,48256.78,0.007112
2,medium_50pct,0,18,95.0,95000,49011,49370.63,0.007338
2,medium_50pct,0,19,100.0,100000,50000,50203.11,0.004062
2,medium_50pct,1,0,5.0,5000,4828,4836.51,0.001763
2,medium_50pct,1,1,10.0,10000,9282,9297.50,0.001670
2,medium_50pct,1,2,15.0,15000,13408,13419.07,0.000825
2,medium_50pct,1,3,20.0,20000,17277,17124.46,-0.008829
2,medium_50pct,1,4,25.0,25000,20811,20652.26,-0.007628
2,medium_50pct,1,5,30.0,30000,24117,23898.95,-0.009041
2,medium_50pct,1,6,35.0,35000,27181,27026.03,-0.005701
2,medium_50pct,1,7,40.0,40000,29920,29810.43,-0.003662
2,medium_50pct,1,8,45.0,45000,32531,32550.24,0.000592
2,medium_50pct,1,9,50.0,50000,34888,34915.01,0.000774
2,medium_50pct,1,10,55.0,55000,37114,37159.45,0.001225
2,medium_50pct,1,11,60.0,60000,39128,39347.23,0.005603
2,medium_50pct,1,12,65.0,65000,40977,42185.29,0.029487
2,medium_50pct,1,13,70.0,70000,42641,43804.04,0.027275
2,medium_50pct,1,14,75.0,75000,44185,45240.89,0.023897
2,medium_50pct,1,15,80.0,80000,45646,46758.13,0.024364
2,medium_50pct,1,16,85.0,85000,46846,47934.89,0.023244
2,medium_50pct,1,17,90.0,90000,47973,49036.27,0.022164
2,medium_50pct,1,18,95.0,95000,49049,50124.08,0.021918
2,medium_50pct,1,19,100.0,100000,50000,51107.67,0.022153
2,medium_50pct,2,0,5.0,5000,4799,4773.49,-0.005315
2,medium_50pct,2,1,10.0,10000,9288,9293.97,0.000643
2,medium_50pct,2,2,15.0,15000,13412,13396.40,-0.001163
2,medium_50pct,2,3,20.0,20000,17257,17261.54,0.000263
2,medium_50pct,2,4,25.0,25000,20820,20751.32,-0.003299
2,medium_50pct,2,5,30.0,30000,24106,23851.71,-0.010549
2,medium_50pct,2,6,35.0,35000,27132,26880.95,-0.009253
2,medium_50pct,2,7,40.0,40000,29895,29602.02,-0.009800
2,medium_50pct,2,8,45.0,45000,32460,32125.60,-0.010302
2,medium_50pct,2,9,50.0,50000,34704,34149.77,-0.015970
2,medium_50pct,2,10,55.0,55000,36878,36303.13,-0.015589
2,medium_50pct,2,11,60.0,60000,38889,38403.38,-0.012487
2,medium_50pct,2,12,65.0,65000,40749,41574.77,0.020265
2,medium_50pct,2,13,70.0,70000,42526,43180.00,0.015379
2,medium_50pct,2,14,75.0,75000,44043,44625.86,0.013234
2,medium_50pct,2,15,80.0,80000,45448,45964.26,0.011359
2,medium_50pct,2,16,85.0,85000,46755,47228.29,0.010123
2,medium_50pct,2,17,90.0,90000,47980,48427.85,0.009334
2,medium_50pct,2,18,95.0,95000,49044,49508.75,0.009476
2,medium_50pct,2,19,100.0,100000,50000,50396.40,0.007928
2,medium_50pct,3,0,5.0,5000,4832,4819.06,-0.002679
2,medium_50pct,3,1,10.0,10000,9294,9346.96,0.005698
2,medium_50pct,3,2,15.0,15000,13430,13469.05,0.002907
2,medium_50pct,3,3,20.0,20000,17300,17336.28,0.002097
2,medium_50pct,3,4,25.0,25000,20892,20922.55,0.001462
2,medium_50pct,3,5,30.0,30000,24149,24185.25,0.001501
2,medium_50pct,3,6,35.0,35000,27173,27230.28,0.002108
2,medium_50pct,3,7,40.0,40000,30008,29915.63,-0.003078
2,medium_50pct,3,8,45.0,45000,32538,32246.83,-0.008949
2,medium_50pct,3,9,50.0,50000,34886,34722.41,-0.004689
2,medium_50pct,3,10,55.0,55000,37054,36730.40,-0.008733
2,medium_50pct,3,11,60.0,60000,39039,38507.94,-0.013603
2,medium_50pct,3,12,65.0,65000,40907,41532.12,0.015282
2,medium_50pct,3,13,70.0,70000,42544,43020.04,0.011189
2,medium_50pct,3,14,75.0,75000,44150,44587.62,0.009912
2,medium_50pct,3,15,80.0,80000,45567,46022.56,0.009998
2,medium_50pct,3,16,85.0,85000,46818,47330.34,0.010943
2,medium_50pct,3,17,90.0,90000,47994,48431.98,0.009126
2,medium_50pct,3,18,95.0,95000,49042,49333.19,0.005937
2,medium_50pct,3,19,100.0,100000,50000,50144.69,0.002894
2,medium_50pct,4,0,5.0,5000,4815,4776.17,-0.008064
2,medium_50pct,4,1,10.0,10000,9270,9237.64,-0.003491
2,medium_50pct,4,2,15.0,15000,13421,13484.98,0.004767
2,medium_50pct,4,3,20.0,20000,17245,17167.18,-0.004513
2,medium_50pct,4,4,25.0,25000,20791,20680.50,-0.005315
2,medium_50pct,4,5,30.0,30000,24058,23967.90,-0.003745
2,medium_50pct,4,6,35.0,35000,27093,26958.51,-0.004964
2,medium_50pct,4,7,40.0,40000,29849,29632.50,-0.007253
2,medium_50pct,4,8,45.0,45000,32394,32211.08,-0.005647
2,medium_50pct,4,9,50.0,50000,34740,34564.99,-0.005038
2,medium_50pct,4,10,55.0,55000,36951,36815.31,-0.003672
2,medium_50pct,4,11,60.0,60000,39020,38814.98,-0.005254
2,medium_50pct,4,12,65.0,65000,40847,41728.81,0.021588
2,medium_50pct,4,13,70.0,70000,42592,43323.43,0.017173
2,medium_50pct,4,14,75.0,75000,44097,44716.09,0.014039
2,medium_50pct,4,15,80.0,80000,45504,46134.91,0.013865
2,medium_50pct,4,16,85.0,85000,46783,47241.50,0.009801
2,medium_50pct,4,17,90.0,90000,48022,48562.81,0.011262
2,medium_50pct,4,18,95.0,95000,49036,49529.85,0.010071
2,medium_50pct,4,19,100.0,100000,50000,50466.12,0.009322
2,medium_50pct,5,0,5.0,5000,4820,4809.67,-0.002144
2,medium_50pct,5,1,10.0,10000,9278,9279.87,0.000202
2,medium_50pct,5,2,15.0,15000,13443,13462.22,0.001430
2,medium_50pct,5,3,20.0,20000,17312,17295.99,-0.000925
2,medium_50pct,5,4,25.0,25000,20817,20754.87,-0.002985
2,medium_50pct,5,5,30.0,30000,24051,24071.87,0.000868
2,medium_50pct,5,6,35.0,35000,27076,27130.45,0.002011
2,medium_50pct,5,7,40.0,40000,29835,29971.60,0.004579
2,medium_50pct,5,8,45.0,45000,32439,32572.13,0.004104
2,medium_50pct,5,9,50.0,50000,34774,34814.24,0.001157
2,medium_50pct,5,10,55.0,55000,36912,37053.53,0.003834
2,medium_50pct,5,11,60.0,60000,38911,39019.32,0.002784
2,medium_50pct,5,12,65.0,65000,40742,41845.27,0.027079
2,medium_50pct,5,13,70.0,70000,42461,43437.20,0.022991
2,medium_50pct,5,14,75.0,75000,44090,45066.34,0.022144
2,medium_50pct,5,15,80.0,80000,45534,46361.52,0.018174
2,medium_50pct,5,16,85.0,85000,46832,47680.65,0.018121
2,medium_50pct,5,17,90.0,90000,48010,48814.57,0.016758
2,medium_50pct,5,18,95.0,95000,49043,49841.19,0.016275
2,medium_50pct,5,19,100.0,100000,50000,51001.63,0.020033
2,medium_50pct,6,0,5.0,5000,4824,4839.20,0.003151
2,medium_50pct,6,1,10.0,10000,9248,9255.22,0.000781
2,medium_50pct,6,2,15.0,15000,13417,13437.22,0.001507
2,medium_50pct,6,3,20.0,20000,17253,17250.08,-0.000170
2,medium_50pct,6,4,25.0,25000,20778,20680.50,-0.004692
2,medium_50pct,6,5,30.0,30000,24016,23920.46,-0.003978
2,medium_50pct,6,6,35.0,35000,27071,26979.25,-0.003389
2,medium_50pct,6,7,40.0,40000,29875,29878.42,0.000115
2,medium_50pct,6,8,45.0,45000,32441,32332.95,-0.003331
2,medium_50pct,6,9,50.0,50000,34804,34999.47,0.005616
2,medium_50pct,6,10,55.0,55000,37003,36996.04,-0.000188
2,medium_50pct,6,11,60.0,60000,38955,39259.14,0.007807
2,medium_50pct,6,12,65.0,65000,40788,41936.38,0.028155
2,medium_50pct,6,13,70.0,70000,42512,43603.25,0.025669
2,medium_50pct,6,14,75.0,75000,44065,45023.44,0.021751
2,medium_50pct,6,15,80.0,80000,45528,46350.45,0.018065
2,medium_50pct,6,16,85.0,85000,46774,47562.32,0.016854
2,medium_50pct,6,17,90.0,90000,47962,48670.91,0.014781
2,medium_50pct,6,18,95.0,95000,49025,49660.77,0.012968
2,medium_50pct,6,19,100.0,100000,50000,50661.24,0.013225
2,medium_50pct,7,0,5.0,5000,4803,4788.22,-0.003077
2,medium_50pct,7,1,10.0,10000,9275,9316.91,0.004519
2,medium_50pct,7,2,15.0,15000,13407,13484.98,0.005816
2,medium_50pct,7,3,20.0,20000,17242,17267.28,0.001466
2,medium_50pct,7,4,25.0,25000,20844,20944.08,0.004801
2,medium_50pct,7,5,30.0,30000,24117,24145.92,0.001199
2,medium_50pct,7,6,35.0,35000,27125,27182.92,0.002135
2,medium_50pct,7,7,40.0,40000,29914,29996.54,0.002759
2,medium_50pct,7,8,45.0,45000,32448,32579.44,0.004051
2,medium_50pct,7,9,50.0,50000,34850,34780.79,-0.001986
2,medium_50pct,7,10,55.0,55000,37006,36938.75,-0.001817
2,medium_50pct,7,11,60.0,60000,39004,39051.81,0.001226
2,medium_50pct,7,12,65.0,65000,40891,41449.23,0.013652
2,medium_50pct,7,13,70.0,70000,42609,43013.25,0.009487
2,medium_50pct,7,14,75.0,75000,44179,44488.16,0.006998
2,medium_50pct,7,15,80.0,80000,45585,45825.08,0.005267
2,medium_50pct,7,16,85.0,85000,46843,47053.00,0.004483
2,medium_50pct,7,17,90.0,90000,47989,48140.34,0.003154
2,medium_50pct,7,18,95.0,95000,49046,49222.33,0.003595
2,medium_50pct,7,19,100.0,100000,50000,50014.50,0.000290
2,medium_50pct,8,0,5.0,5000,4786,4776.17,-0.002054
2,medium_50pct,8,1,10.0,10000,9252,9183.25,-0.007431
2,medium_50pct,8,2,15.0,15000,13422,13315.06,-0.007968
2,medium_50pct,8,3,20.0,20000,17293,17144.38,-0.008594
2,medium_50pct,8,4,25.0,25000,20812,20634.63,-0.008522
2,medium_50pct,8,5,30.0,30000,24075,24002.48,-0.003012
2,medium_50pct,8,6,35.0,35000,27099,27093.83,-0.000191
2,medium_50pct,8,7,40.0,40000,29919,29903.22,-0.000527
2,medium_50pct,8,8,45.0,45000,32480,32168.28,-0.009597
2,medium_50pct,8,9,50.0,50000,34800,34319.47,-0.013808
2,medium_50pct,8,10,55.0,55000,36928,36589.84,-0.009157
2,medium_50pct,8,11,60.0,60000,38959,38644.87,-0.008063
2,medium_50pct,8,12,65.0,65000,40810,41582.64,0.018933
2,medium_50pct,8,13,70.0,70000,42550,43171.42,0.014604
2,medium_50pct,8,14,75.0,75000,44087,44589.88,0.011407
2,medium_50pct,8,15,80.0,80000,45515,46050.30,0.011761
2,medium_50pct,8,16,85.0,85000,46771,47374.71,0.012908
2,medium_50pct,8,17,90.0,90000,47941,48413.18,0.009849
2,medium_50pct,8,18,95.0,95000,49040,49396.72,0.007274
2,medium_50pct,8,19,100.0,100000,50000,50350.89,0.007018
2,medium_50pct,9,0,5.0,5000,4816,4853.98,0.007887
2,medium_50pct,9,1,10.0,10000,9306,9389.48,0.008970
2,medium_50pct,9,2,15.0,15000,13462,13544.30,0.006114
2,medium_50pct,9,3,20.0,20000,17261,17365.11,0.006032
2,medium_50pct,9,4,25.0,25000,20724,20843.85,0.005783
2,medium_50pct,9,5,30.0,30000,24066,24093.61,0.001147
2,medium_50pct,9,6,35.0,35000,27106,27198.69,0.003419
2,medium_50pct,9,7,40.0,40000,29912,30210.06,0.009964
2,medium_50pct,9,8,45.0,45000,32535,32948.79,0.012718
2,medium_50pct,9,9,50.0,50000,34924,35281.29,0.010231
2,medium_50pct,9,10,55.0,55000,37069,37402.76,0.009004
2,medium_50pct,9,11,60.0,60000,39102,39226.23,0.003177
2,medium_50pct,9,12,65.0,65000,40922,41970.03,0.025610
2,medium_50pct,9,13,70.0,70000,42596,43532.60,0.021988
2,medium_50pct,9,14,75.0,75000,44113,44988.83,0.019854
2,medium_50pct,9,15,80.0,80000,45479,46118.90,0.014070
2,medium_50pct,9,16,85.0,85000,46803,47403.10,0.012822
2,medium_50pct,9,17,90.0,90000,47977,48530.39,0.011535
2,medium_50pct,9,18,95.0,95000,49039,49438.73,0.008151
2,medium_50pct,9,19,100.0,100000,50000,50349.30,0.006986
3,medium_80pct,0,0,5.0,5000,4939,4980.89,0.008481
3,medium_80pct,0,1,10.0,10000,9783,9897.46,0.011700
3,medium_80pct,0,2,15.0,15000,14514,14704.42,0.013120
3,medium_80pct,0,3,20.0,20000,19123,19399.82,0.014476
3,medium_80pct,0,4,25.0,25000,23642,23998.15,0.015064
3,medium_80pct,0,5,30.0,30000,28026,28540.82,0.018369
3,medium_80pct,0,6,35.0,35000,32365,32904.03,0.016655
3,medium_80pct,0,7,40.0,40000,36557,37207.82,0.017803
3,medium_80pct,0,8,45.0,45000,40648,41996.63,0.033178
3,medium_80pct,0,9,50.0,50000,44670,45824.38,0.025842
3,medium_80pct,0,10,55.0,55000,48624,49566.68,0.019387
3,medium_80pct,0,11,60.0,60000,52421,53163.13,0.014157
3,medium_80pct,0,12,65.0,65000,56163,56864.29,0.012487
3,medium_80pct,0,13,70.0,70000,59770,60354.33,0.009776
3,medium_80pct,0,14,75.0,75000,63364,63870.76,0.007998
3,medium_80pct,0,15,80.0,80000,66845,67426.61,0.008701
3,medium_80pct,0,16,85.0,85000,70255,70683.31,0.006096
3,medium_80pct,0,17,90.0,90000,73566,74122.57,0.007566
3,medium_80pct,0,18,95.0,95000,76802,77334.65,0.006935
3,medium_80pct,0,19,100.0,100000,80000,80402.77,0.005035
3,medium_80pct,1,0,5.0,5000,4955,4999.87,0.009056
3,medium_80pct,1,1,10.0,10000,9788,9864.56,0.007822
3,medium_80pct,1,2,15.0,15000,14540,14670.11,0.008948
3,medium_80pct,1,3,20.0,20000,19157,19409.63,0.013187
3,medium_80pct,1,4,25.0,25000,23662,23647.18,-0.000626
3,medium_80pct,1,5,30.0,30000,28118,28162.73,0.001591
3,medium_80pct,1,6,35.0,35000,32443,32203.94,-0.007369
3,medium_80pct,1,7,40.0,40000,36630,36330.66,-0.008172
3,medium_80pct,1,8,45.0,45000,40760,41781.23,0.025055
3,medium_80pct,1,9,50.0,50000,44750,45239.50,0.010939
3,medium_80pct,1,10,55.0,55000,48643,49199.52,0.011441
3,medium_80pct,1,11,60.0,60000,52440,52747.22,0.005859
3,medium_80pct,1,12,65.0,65000,56168,56471.63,0.005406
3,medium_80pct,1,13,70.0,70000,59813,60053.54,0.004022
3,medium_80pct,1,14,75.0,75000,63434,63553.68,0.001887
3,medium_80pct,1,15,80.0,80000,66922,66815.07,-0.001598
3,medium_80pct,1,16,85.0,85000,70300,70323.24,0.000331
3,medium_80pct,1,17,90.0,90000,73614,73508.05,-0.001439
3,medium_80pct,1,18,95.0,95000,76814,76479.83,-0.004350
3,medium_80pct,1,19,100.0,100000,80000,79606.02,-0.004925
3,medium_80pct,2,0,5.0,5000,4949,4976.82,0.005622
3,medium_80pct,2,1,10.0,10000,9804,9860.91,0.005805
3,medium_80pct,2,2,15.0,15000,14525,14536.00,0.000758
3,medium_80pct,2,3,20.0,20000,19143,19272.88,0.006785
3,medium_80pct,2,4,25.0,25000,23640,23719.33,0.003356
3,medium_80pct,2,5,30.0,30000,28049,28179.47,0.004652
3,medium_80pct,2,6,35.0,35000,32353,32347.34,-0.000175
3,medium_80pct,2,7,40.0,40000,36604,36552.56,-0.001405
3,medium_80pct,2,8,45.0,45000,40699,42116.49,0.034829
3,medium_80pct,2,9,50.0,50000,44683,45825.26,0.025564
3,medium_80pct,2,10,55.0,55000,48620,49588.17,0.019913
3,medium_80pct,2,11,60.0,60000,52439,53150.47,0.013568
3,medium_80pct,2,12,65.0,65000,56181,56689.68,0.009054
3,medium_80pct,2,13,70.0,70000,59855,60328.26,0.007907
3,medium_80pct,2,14,75.0,75000,63446,63658.25,0.003345
3,medium_80pct,2,15,80.0,80000,66926,66798.79,-0.001901
3,medium_80pct,2,16,85.0,85000,70290,70108.07,-0.002588
3,medium_80pct,2,17,90.0,90000,73590,73447.66,-0.001934
3,medium_80pct,2,18,95.0,95000,76839,76989.67,0.001961
3,medium_80pct,2,19,100.0,100000,80000,80304.67,0.003808
3,medium_80pct,3,0,5.0,5000,4952,4972.76,0.004192
3,medium_80pct,3,1,10.0,10000,9774,9764.44,-0.000978
3,medium_80pct,3,2,15.0,15000,14506,14506.89,0.000061
3,medium_80pct,3,3,20.0,20000,19101,19069.87,-0.001630
3,medium_80pct,3,4,25.0,25000,23584,23566.92,-0.000724
3,medium_80pct,3,5,30.0,30000,28004,27760.48,-0.008696
3,medium_80pct,3,6,35.0,35000,32288,31843.84,-0.013756
3,medium_80pct,3,7,40.0,40000,36506,35922.51,-0.015983
3,medium_80pct,3,8,45.0,45000,40612,41404.41,0.019512
3,medium_80pct,3,9,50.0,50000,44623,45128.54,0.011329
3,medium_80pct,3,10,55.0,55000,48548,48882.50,0.006890
3,medium_80pct,3,11,60.0,60000,52394,52818.16,0.008096
3,medium_80pct,3,12,65.0,65000,56153,56696.60,0.009681
3,medium_80pct,3,13,70.0,70000,59786,60315.13,0.008850
3,medium_80pct,3,14,75.0,75000,63303,63816.50,0.008112
3,medium_80pct,3,15,80.0,80000,66842,67159.01,0.004743
3,medium_80pct,3,16,85.0,85000,70234,70461.63,0.003241
3,medium_80pct,3,17,90.0,90000,73544,73377.84,-0.002259
3,medium_80pct,3,18,95.0,95000,76824,77010.50,0.002428
3,medium_80pct,3,19,100.0,100000,80000,80320.98,0.004012
3,medium_80pct,4,0,5.0,5000,4943,4970.05,0.005472
3,medium_80pct,4,1,10.0,10000,9767,9746.31,-0.002119
3,medium_80pct,4,2,15.0,15000,14471,14458.48,-0.000865
3,medium_80pct,4,3,20.0,20000,19076,19111.55,0.001864
3,medium_80pct,4,4,25.0,25000,23607,23609.11,0.000089
3,medium_80pct,4,5,30.0,30000,28059,28084.82,0.000920
3,medium_80pct,4,6,35.0,35000,32389,32586.74,0.006105
3,medium_80pct,4,7,40.0,40000,36573,36413.52,-0.004361
3,medium_80pct,4,8,45.0,45000,40682,41569.11,0.021806
3,medium_80pct,4,9,50.0,50000,44686,45169.54,0.010821
3,medium_80pct,4,10,55.0,55000,48641,49166.66,0.010807
3,medium_80pct,4,11,60.0,60000,52481,52716.00,0.004478
3,medium_80pct,4,12,65.0,65000,56178,56245.85,0.001208
3,medium_80pct,4,13,70.0,70000,59799,59767.00,-0.000535
3,medium_80pct,4,14,75.0,75000,63367,63200.31,-0.002631
3,medium_80pct,4,15,80.0,80000,66843,66718.64,-0.001860
3,medium_80pct,4,16,85.0,85000,70278,70035.87,-0.003445
3,medium_80pct,4,17,90.0,90000,73620,73254.03,-0.004971
3,medium_80pct,4,18,95.0,95000,76826,76455.62,-0.004821
3,medium_80pct,4,19,100.0,100000,80000,79501.72,-0.006229
3,medium_80pct,5,0,5.0,5000,4952,5003.94,0.010490
3,medium_80pct,5,1,10.0,10000,9798,9908.44,0.011272
3,medium_80pct,5,2,15.0,15000,14497,14630.98,0.009242
3,medium_80pct,5,3,20.0,20000,19118,19305.33,0.009799
3,medium_80pct,5,4,25.0,25000,23646,23877.46,0.009789
3,medium_80pct,5,5,30.0,30000,28049,28224.21,0.006246
3,medium_80pct,5,6,35.0,35000,32367,32689.37,0.009960
3,medium_80pct,5,7,40.0,40000,36579,36796.41,0.005943
3,medium_80pct,5,8,45.0,45000,40722,41820.64,0.026979
3,medium_80pct,5,9,50.0,50000,44745,45383.20,0.014263
3,medium_80pct,5,10,55.0,55000,48637,48859.72,0.004579
3,medium_80pct,5,11,60.0,60000,52389,52564.00,0.003340
3,medium_80pct,5,12,65.0,65000,56169,56220.19,0.000911
3,medium_80pct,5,13,70.0,70000,59826,59856.46,0.000509
3,medium_80pct,5,14,75.0,75000,63379,63413.59,0.000546
3,medium_80pct,5,15,80.0,80000,66871,66938.57,0.001010
3,medium_80pct,5,16,85.0,85000,70293,70127.78,-0.002351
3,medium_80pct,5,17,90.0,90000,73608,73616.48,0.000115
3,medium_80pct,5,18,95.0,95000,76843,76714.12,-0.001677
3,medium_80pct,5,19,100.0,100000,80000,79900.29,-0.001246
3,medium_80pct,6,0,5.0,5000,4958,4998.52,0.008172
3,medium_80pct,6,1,10.0,10000,9800,9800.78,0.000080
3,medium_80pct,6,2,15.0,15000,14499,14553.01,0.003725
3,medium_80pct,6,3,20.0,20000,19121,19182.34,0.003208
3,medium_80pct,6,4,25.0,25000,23628,23826.01,0.008380
3,medium_80pct,6,5,30.0,30000,28052,28342.22,0.010346
3,medium_80pct,6,6,35.0,35000,32369,32594.05,0.006953
3,medium_80pct,6,7,40.0,40000,36561,36711.59,0.004119
3,medium_80pct,6,8,45.0,45000,40660,41495.36,0.020545
3,medium_80pct,6,9,50.0,50000,44672,45107.09,0.009740
3,medium_80pct,6,10,55.0,55000,48645,48880.38,0.004839
3,medium_80pct,6,11,60.0,60000,52479,52354.29,-0.002376
3,medium_80pct,6,12,65.0,65000,56182,55876.76,-0.005433
3,medium_80pct,6,13,70.0,70000,59850,59396.73,-0.007573
3,medium_80pct,6,14,75.0,75000,63428,63108.66,-0.005035
3,medium_80pct,6,15,80.0,80000,66933,66501.93,-0.006440
3,medium_80pct,6,16,85.0,85000,70363,69794.81,-0.008075
3,medium_80pct,6,17,90.0,90000,73679,73342.46,-0.004568
3,medium_80pct,6,18,95.0,95000,76856,76684.06,-0.002237
3,medium_80pct,6,19,100.0,100000,80000,79743.76,-0.003203
3,medium_80pct,7,0,5.0,5000,4939,4941.63,0.000533
3,medium_80pct,7,1,10.0,10000,9780,9749.93,-0.003074
3,medium_80pct,7,2,15.0,15000,14487,14475.41,-0.000800
3,medium_80pct,7,3,20.0,20000,19112,19156.56,0.002332
3,medium_80pct,7,4,25.0,25000,23637,23508.03,-0.005456
3,medium_80pct,7,5,30.0,30000,28084,27946.60,-0.004892
3,medium_80pct,7,6,35.0,35000,32361,32026.43,-0.010339
3,medium_80pct,7,7,40.0,40000,36527,36148.00,-0.010376
3,medium_80pct,7,8,45.0,45000,40607,41511.01,0.022262
3,medium_80pct,7,9,50.0,50000,44615,45005.29,0.008748
3,medium_80pct,7,10,55.0,55000,48584,48891.22,0.006323
3,medium_80pct,7,11,60.0,60000,52371,52507.06,0.002598
3,medium_80pct,7,12,65.0,65000,56127,56217.17,0.001607
3,medium_80pct,7,13,70.0,70000,59791,59886.87,0.001603
3,medium_80pct,7,14,75.0,75000,63382,63255.19,-0.002001
3,medium_80pct,7,15,80.0,80000,66868,66846.35,-0.000324
3,medium_80pct,7,16,85.0,85000,70272,70372.15,0.001425
3,medium_80pct,7,17,90.0,90000,73637,73870.54,0.003172
3,medium_80pct,7,18,95.0,95000,76819,77335.37,0.006722
3,medium_80pct,7,19,100.0,100000,80000,80403.45,0.005043
3,medium_80pct,8,0,5.0,5000,4941,4942.98,0.000402
3,medium_80pct,8,1,10.0,10000,9788,9866.39,0.008009
3,medium_80pct,8,2,15.0,15000,14492,14526.29,0.002366
3,medium_80pct,8,3,20.0,20000,19123,19163.00,0.002092
3,medium_80pct,8,4,25.0,25000,23649,23668.36,0.000819
3,medium_80pct,8,5,30.0,30000,28048,28007.27,-0.001452
3,medium_80pct,8,6,35.0,35000,32335,32196.80,-0.004274
3,medium_80pct,8,7,40.0,40000,36537,36478.26,-0.001608
3,medium_80pct,8,8,45.0,45000,40654,41665.37,0.024877
3,medium_80pct,8,9,50.0,50000,44648,45544.41,0.020077
3,medium_80pct,8,10,55.0,55000,48570,49204.88,0.013072
3,medium_80pct,8,11,60.0,60000,52440,52845.47,0.007732
3,medium_80pct,8,12,65.0,65000,56201,56673.23,0.008403
3,medium_80pct,8,13,70.0,70000,59862,60048.25,0.003111
3,medium_80pct,8,14,75.0,75000,63419,63520.50,0.001600
3,medium_80pct,8,15,80.0,80000,66904,67092.33,0.002815
3,medium_80pct,8,16,85.0,85000,70290,70559.20,0.003830
3,medium_80pct,8,17,90.0,90000,73588,74037.21,0.006104
3,medium_80pct,8,18,95.0,95000,76867,77123.01,0.003331
3,medium_80pct,8,19,100.0,100000,80000,80300.40,0.003755
3,medium_80pct,9,0,5.0,5000,4940,4960.57,0.004164
3,medium_80pct,9,1,10.0,10000,9762,9724.57,-0.003835
3,medium_80pct,9,2,15.0,15000,14454,14572.47,0.008196
3,medium_80pct,9,3,20.0,20000,19069,19195.24,0.006620
3,medium_80pct,9,4,25.0,25000,23605,23668.36,0.002684
3,medium_80pct,9,5,30.0,30000,28015,28084.82,0.002492
3,medium_80pct,9,6,35.0,35000,32255,32268.32,0.000413
3,medium_80pct,9,7,40.0,40000,36436,36358.23,-0.002134
3,medium_80pct,9,8,45.0,45000,40562,41828.38,0.031221
3,medium_80pct,9,9,50.0,50000,44611,45449.80,0.018803
3,medium_80pct,9,10,55.0,55000,48541,49276.92,0.015161
3,medium_80pct,9,11,60.0,60000,52443,53115.18,0.012817
3,medium_80pct,9,12,65.0,65000,56205,56650.46,0.007926
3,medium_80pct,9,13,70.0,70000,59869,60337.25,0.007821
3,medium_80pct,9,14,75.0,75000,63469,63722.40,0.003993
3,medium_80pct,9,15,80.0,80000,66948,67047.18,0.001481
3,medium_80pct,9,16,85.0,85000,70350,70446.78,0.001376
3,medium_80pct,9,17,90.0,90000,73656,73865.44,0.002843
3,medium_80pct,9,18,95.0,95000,76870,77013.79,0.001871
3,medium_80pct,9,19,100.0,100000,80000,80106.28,0.001328
4,large_50pct,0,0,5.0,25000,24118,24246.63,0.005333
4,large_50pct,0,1,10.0,50000,46402,47165.19,0.016447
4,large_50pct,0,2,15.0,75000,67118,67587.50,0.006995
4,large_50pct,0,3,20.0,100000,86371,86275.95,-0.001101
4,large_50pct,0,4,25.0,125000,104003,103015.50,-0.009495
4,large_50pct,0,5,30.0,150000,120286,119379.02,-0.007540
4,large_50pct,0,6,35.0,175000,135411,134389.83,-0.007541
4,large_50pct,0,7,40.0,200000,149306,147525.29,-0.011927
4,large_50pct,0,8,45.0,225000,162218,160392.80,-0.011251
4,large_50pct,0,9,50.0,250000,174115,172306.95,-0.010384
4,large_50pct,0,10,55.0,275000,185084,183381.60,-0.009198
4,large_50pct,0,11,60.0,300000,195110,192978.15,-0.010926
4,large_50pct,0,12,65.0,325000,204231,201435.64,-0.013687
4,large_50pct,0,13,70.0,350000,212687,209846.48,-0.013355
4,large_50pct,0,14,75.0,375000,220394,217731.84,-0.012079
4,large_50pct,0,15,80.0,400000,227528,225243.22,-0.010042
4,large_50pct,0,16,85.0,425000,234036,231400.80,-0.011260
4,large_50pct,0,17,90.0,450000,239871,237443.11,-0.010122
4,large_50pct,0,18,95.0,475000,245160,242555.33,-0.010624
4,large_50pct,0,19,100.0,500000,250000,247072.32,-0.011711
4,large_50pct,1,0,5.0,25000,24104,24374.51,0.011223
4,large_50pct,1,1,10.0,50000,46371,47425.59,0.022742
4,large_50pct,1,2,15.0,75000,67083,67948.32,0.012899
4,large_50pct,1,3,20.0,100000,86127,86520.61,0.004570
4,large_50pct,1,4,25.0,125000,103870,104728.55,0.008266
4,large_50pct,1,5,30.0,150000,120297,121065.58,0.006389
4,large_50pct,1,6,35.0,175000,135445,135952.69,0.003748
4,large_50pct,1,7,40.0,200000,149475,149980.90,0.003385
4,large_50pct,1,8,45.0,225000,162363,162902.05,0.003320
4,large_50pct,1,9,50.0,250000,174203,174078.52,-0.000715
4,large_50pct,1,10,55.0,275000,185055,185080.78,0.000139
4,large_50pct,1,11,60.0,300000,195023,194878.47,-0.000741
4,large_50pct,1,12,65.0,325000,204299,204464.75,0.000811
4,large_50pct,1,13,70.0,350000,212725,212791.99,0.000315
4,large_50pct,1,14,75.0,375000,220443,219827.89,-0.002790
4,large_50pct,1,15,80.0,400000,227523,226145.06,-0.006056
4,large_50pct,1,16,85.0,425000,233943,232808.34,-0.004850
4,large_50pct,1,17,90.0,450000,239923,238025.28,-0.007910
4,large_50pct,1,18,95.0,475000,245168,243420.20,-0.007129
4,large_50pct,1,19,100.0,500000,250000,247737.29,-0.009051
4,large_50pct,2,0,5.0,25000,24108,24268.61,0.006662
4,large_50pct,2,1,10.0,50000,46389,46857.10,0.010091
4,large_50pct,2,2,15.0,75000,67068,66935.66,-0.001973
4,large_50pct,2,3,20.0,100000,86238,86264.07,0.000302
4,large_50pct,2,4,25.0,125000,103856,103725.57,-0.001256
4,large_50pct,2,5,30.0,150000,120313,119780.05,-0.004430
4,large_50pct,2,6,35.0,175000,135482,135196.35,-0.002108
4,large_50pct,2,7,40.0,200000,149451,149322.76,-0.000858
4,large_50pct,2,8,45.0,225000,162478,162633.90,0.000960
4,large_50pct,2,9,50.0,250000,174394,174745.38,0.002015
4,large_50pct,2,10,55.0,275000,185143,185972.70,0.004481
4,large_50pct,2,11,60.0,300000,195225,195947.45,0.003701
4,large_50pct,2,12,65.0,325000,204370,204926.19,0.002721
4,large_50pct,2,13,70.0,350000,212685,214248.89,0.007353
4,large_50pct,2,14,75.0,375000,220482,221983.23,0.006809
4,large_50pct,2,15,80.0,400000,227632,229262.86,0.007164
4,large_50pct,2,16,85.0,425000,233998,236072.68,0.008866
4,large_50pct,2,17,90.0,450000,239802,241464.02,0.006931
4,large_50pct,2,18,95.0,475000,245175,246378.66,0.004909
4,large_50pct,2,19,100.0,500000,250000,250958.14,0.003833
4,large_50pct,3,0,5.0,25000,24052,24176.50,0.005176
4,large_50pct,3,1,10.0,50000,46418,47247.11,0.017862
4,large_50pct,3,2,15.0,75000,67063,67186.39,0.001840
4,large_50pct,3,3,20.0,100000,86247,85971.52,-0.003194
4,large_50pct,3,4,25.0,125000,103994,104373.22,0.003647
4,large_50pct,3,5,30.0,150000,120334,120753.42,0.003485
4,large_50pct,3,6,35.0,175000,135632,136599.59,0.007134
4,large_50pct,3,7,40.0,200000,149527,150630.35,0.007379
4,large_50pct,3,8,45.0,225000,162525,163400.50,0.005387
4,large_50pct,3,9,50.0,250000,174264,174841.08,0.003312
4,large_50pct,3,10,55.0,275000,185267,186349.02,0.005840
4,large_50pct,3,11,60.0,300000,195222,196224.16,0.005133
4,large_50pct,3,12,65.0,325000,204397,205909.19,0.007398
4,large_50pct,3,13,70.0,350000,212774,215010.80,0.010513
4,large_50pct,3,14,75.0,375000,220533,222880.90,0.010646
4,large_50pct,3,15,80.0,400000,227569,229291.90,0.007571
4,large_50pct,3,16,85.0,425000,234066,235425.96,0.005810
4,large_50pct,3,17,90.0,450000,239978,241386.50,0.005869
4,large_50pct,3,18,95.0,475000,245233,246937.97,0.006952
4,large_50pct,3,19,100.0,500000,250000,251168.06,0.004672
4,large_50pct,4,0,5.0,25000,24076,24299.43,0.009280
4,large_50pct,4,1,10.0,50000,46326,46901.61,0.012425
4,large_50pct,4,2,15.0,75000,66969,66810.79,-0.002362
4,large_50pct,4,3,20.0,100000,86072,85616.01,-0.005298
4,large_50pct,4,4,25.0,125000,103835,103221.17,-0.005912
4,large_50pct,4,5,30.0,150000,120244,119146.10,-0.009131
4,large_50pct,4,6,35.0,175000,135417,134531.55,-0.006539
4,large_50pct,4,7,40.0,200000,149344,149080.44,-0.001765
4,large_50pct,4,8,45.0,225000,162215,161802.72,-0.002542
4,large_50pct,4,9,50.0,250000,174201,174244.90,0.000252
4,large_50pct,4,10,55.0,275000,185149,184796.20,-0.001906
4,large_50pct,4,11,60.0,300000,195258,194101.63,-0.005922
4,large_50pct,4,12,65.0,325000,204502,203574.46,-0.004536
4,large_50pct,4,13,70.0,350000,213002,211552.79,-0.006804
4,large_50pct,4,14,75.0,375000,220750,219567.12,-0.005358
4,large_50pct,4,15,80.0,400000,227756,226967.73,-0.003461
4,large_50pct,4,16,85.0,425000,234147,233896.60,-0.001069
4,large_50pct,4,17,90.0,450000,239892,238876.26,-0.004234
4,large_50pct,4,18,95.0,475000,245156,244760.29,-0.001614
4,large_50pct,4,19,100.0,500000,250000,249641.62,-0.001434
4,large_50pct,5,0,5.0,25000,24121,24145.92,0.001033
4,large_50pct,5,1,10.0,50000,46456,46916.63,0.009915
4,large_50pct,5,2,15.0,75000,67211,66805.64,-0.006031
4,large_50pct,5,3,20.0,100000,86329,87050.95,0.008363
4,large_50pct,5,4,25.0,125000,104169,104688.67,0.004989
4,large_50pct,5,5,30.0,150000,120579,120524.03,-0.000456
4,large_50pct,5,6,35.0,175000,135779,136296.47,0.003811
4,large_50pct,5,7,40.0,200000,149710,149571.33,-0.000926
4,large_50pct,5,8,45.0,225000,162530,163222.12,0.004258
4,large_50pct,5,9,50.0,250000,174234,174563.20,0.001889
4,large_50pct,5,10,55.0,275000,185156,186221.00,0.005752
4,large_50pct,5,11,60.0,300000,195266,196891.32,0.008324
4,large_50pct,5,12,65.0,325000,204537,206173.51,0.008001
4,large_50pct,5,13,70.0,350000,213002,213923.31,0.004325
4,large_50pct,5,14,75.0,375000,220790,221958.37,0.005292
4,large_50pct,5,15,80.0,400000,227850,229175.65,0.005818
4,large_50pct,5,16,85.0,425000,234215,235658.20,0.006162
4,large_50pct,5,17,90.0,450000,239984,241573.32,0.006623
4,large_50pct,5,18,95.0,475000,245203,247296.32,0.008537
4,large_50pct,5,19,100.0,500000,250000,251674.09,0.006696
4,large_50pct,6,0,5.0,25000,24118,23881.76,-0.009795
4,large_50pct,6,1,10.0,50000,46397,46657.82,0.005621
4,large_50pct,6,2,15.0,75000,67105,66935.13,-0.002531
4,large_50pct,6,3,20.0,100000,86259,87243.92,0.011418
4,large_50pct,6,4,25.0,125000,104066,105188.09,0.010782
4,large_50pct,6,5,30.0,150000,120358,122326.38,0.016354
4,large_50pct,6,6,35.0,175000,135601,137915.60,0.017069
4,large_50pct,6,7,40.0,200000,149586,152005.67,0.016176
4,large_50pct,6,8,45.0,225000,162484,164902.58,0.014885
4,large_50pct,6,9,50.0,250000,174403,177112.13,0.015534
4,large_50pct,6,10,55.0,275000,185371,187870.73,0.013485
4,large_50pct,6,11,60.0,300000,195372,196725.06,0.006926
4,large_50pct,6,12,65.0,325000,204463,205413.42,0.004648
4,large_50pct,6,13,70.0,350000,212789,212662.03,-0.000597
4,large_50pct,6,14,75.0,375000,220488,220317.76,-0.000772
4,large_50pct,6,15,80.0,400000,227584,227132.03,-0.001986
4,large_50pct,6,16,85.0,425000,234011,233229.78,-0.003338
4,large_50pct,6,17,90.0,450000,239891,238851.46,-0.004333
4,large_50pct,6,18,95.0,475000,245189,243993.89,-0.004874
4,large_50pct,6,19,100.0,500000,250000,249291.75,-0.002833
4,large_50pct,7,0,5.0,25000,24080,24011.14,-0.002860
4,large_50pct,7,1,10.0,50000,46402,47476.45,0.023155
4,large_50pct,7,2,15.0,75000,67108,67960.97,0.012710
4,large_50pct,7,3,20.0,100000,86235,87805.15,0.018208
4,large_50pct,7,4,25.0,125000,103891,105625.84,0.016699
4,large_50pct,7,5,30.0,150000,120260,121719.54,0.012137
4,large_50pct,7,6,35.0,175000,135577,135668.26,0.000673
4,large_50pct,7,7,40.0,200000,149570,149732.34,0.001085
4,large_50pct,7,8,45.0,225000,162548,163020.25,0.002905
4,large_50pct,7,9,50.0,250000,174542,175218.20,0.003874
4,large_50pct,7,10,55.0,275000,185427,185823.69,0.002139
4,large_50pct,7,11,60.0,300000,195441,196528.38,0.005564
4,large_50pct,7,12,65.0,325000,204564,205634.20,0.005232
4,large_50pct,7,13,70.0,350000,213018,214839.34,0.008550
4,large_50pct,7,14,75.0,375000,220655,222708.83,0.009308
4,large_50pct,7,15,80.0,400000,227650,230430.89,0.012216
4,large_50pct,7,16,85.0,425000,234135,236617.05,0.010601
4,large_50pct,7,17,90.0,450000,239937,242557.96,0.010924
4,large_50pct,7,18,95.0,475000,245198,248216.12,0.012309
4,large_50pct,7,19,100.0,500000,250000,253205.13,0.012821
4,large_50pct,8,0,5.0,25000,24065,23830.29,-0.009753
4,large_50pct,8,1,10.0,50000,46408,47183.43,0.016709
4,large_50pct,8,2,15.0,75000,66971,67314.21,0.005125
4,large_50pct,8,3,20.0,100000,86126,86562.98,0.005074
4,large_50pct,8,4,25.0,125000,103816,104309.53,0.004754
4,large_50pct,8,5,30.0,150000,120310,120573.01,0.002186
4,large_50pct,8,6,35.0,175000,135430,135663.66,0.001725
4,large_50pct,8,7,40.0,200000,149410,149565.58,0.001041
4,large_50pct,8,8,45.0,225000,162388,163505.72,0.006883
4,large_50pct,8,9,50.0,250000,174320,175805.79,0.008523
4,large_50pct,8,10,55.0,275000,185260,187877.15,0.014127
4,large_50pct,8,11,60.0,300000,195305,197910.29,0.013340
4,large_50pct,8,12,65.0,325000,204543,207418.71,0.014059
4,large_50pct,8,13,70.0,350000,212899,215497.93,0.012207
4,large_50pct,8,14,75.0,375000,220550,223139.71,0.011742
4,large_50pct,8,15,80.0,400000,227545,229630.59,0.009166
4,large_50pct,8,16,85.0,425000,234003,235513.27,0.006454
4,large_50pct,8,17,90.0,450000,239809,240967.41,0.004831
4,large_50pct,8,18,95.0,475000,245120,246359.04,0.005055
4,large_50pct,8,19,100.0,500000,250000,251154.50,0.004618
4,large_50pct,9,0,5.0,25000,24072,24277.41,0.008533
4,large_50pct,9,1,10.0,50000,46411,47177.29,0.016511
4,large_50pct,9,2,15.0,75000,67158,67201.67,0.000650
4,large_50pct,9,3,20.0,100000,86303,86875.60,0.006635
4,large_50pct,9,4,25.0,125000,104113,104683.75,0.005482
4,large_50pct,9,5,30.0,150000,120414,120362.33,-0.000429
4,large_50pct,9,6,35.0,175000,135628,135156.18,-0.003479
4,large_50pct,9,7,40.0,200000,149735,149888.48,0.001025
4,large_50pct,9,8,45.0,225000,162695,162835.70,0.000865
4,large_50pct,9,9,50.0,250000,174456,173901.07,-0.003181
4,large_50pct,9,10,55.0,275000,185189,183939.83,-0.006745
4,large_50pct,9,11,60.0,300000,195135,193934.11,-0.006154
4,large_50pct,9,12,65.0,325000,204246,203153.95,-0.005347
4,large_50pct,9,13,70.0,350000,212626,211626.16,-0.004702
4,large_50pct,9,14,75.0,375000,220381,219378.49,-0.004549
4,large_50pct,9,15,80.0,400000,227654,226171.65,-0.006511
4,large_50pct,9,16,85.0,425000,234022,232524.51,-0.006399
4,large_50pct,9,17,90.0,450000,239844,239753.52,-0.000377
4,large_50pct,9,18,95.0,475000,245171,245261.48,0.000369
4,large_50pct,9,19,100.0,500000,250000,249961.28,-0.000155
5,large_80pct,0,0,5.0,25000,24727,24516.79,-0.008501
5,large_80pct,0,1,10.0,50000,48890,48997.05,0.002190
5,large_80pct,0,2,15.0,75000,72491,72177.66,-0.004323
5,large_80pct,0,3,20.0,100000,95627,95700.31,0.000767
5,large_80pct,0,4,25.0,125000,118188,118569.18,0.003225
5,large_80pct,0,5,30.0,150000,140285,140922.42,0.004544
5,large_80pct,0,6,35.0,175000,161785,162210.16,0.002628
5,large_80pct,0,7,40.0,200000,182871,183663.89,0.004336
5,large_80pct,0,8,45.0,225000,203397,204121.56,0.003562
5,large_80pct,0,9,50.0,250000,223460,224197.92,0.003302
5,large_80pct,0,10,55.0,275000,243107,244980.84,0.007708
5,large_80pct,0,11,60.0,300000,262292,263561.43,0.004840
5,large_80pct,0,12,65.0,325000,280983,282053.15,0.003809
5,large_80pct,0,13,70.0,350000,299339,299622.21,0.000946
5,large_80pct,0,14,75.0,375000,317153,315739.08,-0.004458
5,large_80pct,0,15,80.0,400000,334525,333441.10,-0.003240
5,large_80pct,0,16,85.0,425000,351488,350138.39,-0.003840
5,large_80pct,0,17,90.0,450000,368034,366822.07,-0.003293
5,large_80pct,0,18,95.0,475000,384222,384545.32,0.000841
5,large_80pct,0,19,100.0,500000,400000,400282.72,0.000707
5,large_80pct,1,0,5.0,25000,24721,24445.50,-0.011144
5,large_80pct,1,1,10.0,50000,48934,49593.77,0.013483
5,large_80pct,1,2,15.0,75000,72525,72730.15,0.002829
5,large_80pct,1,3,20.0,100000,95530,95755.67,0.002362
5,large_80pct,1,4,25.0,125000,118024,117524.86,-0.004229
5,large_80pct,1,5,30.0,150000,140100,140168.38,0.000488
5,large_80pct,1,6,35.0,175000,161604,161719.78,0.000716
5,large_80pct,1,7,40.0,200000,182589,182698.44,0.000599
5,large_80pct,1,8,45.0,225000,203117,203249.57,0.000653
5,large_80pct,1,9,50.0,250000,223201,223923.05,0.003235
5,large_80pct,1,10,55.0,275000,242902,243274.91,0.001535
5,large_80pct,1,11,60.0,300000,262193,263416.38,0.004666
5,large_80pct,1,12,65.0,325000,280833,281826.16,0.003536
5,large_80pct,1,13,70.0,350000,299124,300638.12,0.005062
5,large_80pct,1,14,75.0,375000,316825,317386.03,0.001771
5,large_80pct,1,15,80.0,400000,334265,335033.81,0.002300
5,large_80pct,1,16,85.0,425000,351296,351816.29,0.001481
5,large_80pct,1,17,90.0,450000,367797,367849.12,0.000142
5,large_80pct,1,18,95.0,475000,384117,385900.81,0.004644
5,large_80pct,1,19,100.0,500000,400000,401359.31,0.003398
5,large_80pct,2,0,5.0,25000,24720,24669.33,-0.002050
5,large_80pct,2,1,10.0,50000,48924,48981.05,0.001166
5,large_80pct,2,2,15.0,75000,72581,72003.61,-0.007955
5,large_80pct,2,3,20.0,100000,95691,95085.54,-0.006327
5,large_80pct,2,4,25.0,125000,118253,118450.06,0.001666
5,large_80pct,2,5,30.0,150000,140356,141889.86,0.010928
5,large_80pct,2,6,35.0,175000,161894,163522.17,0.010057
5,large_80pct,2,7,40.0,200000,182932,184357.59,0.007793
5,large_80pct,2,8,45.0,225000,203451,203839.28,0.001908
5,large_80pct,2,9,50.0,250000,223627,223392.43,-0.001049
5,large_80pct,2,10,55.0,275000,243283,243703.76,0.001730
5,large_80pct,2,11,60.0,300000,262424,262405.69,-0.000070
5,large_80pct,2,12,65.0,325000,281010,281193.97,0.000655
5,large_80pct,2,13,70.0,350000,299237,299686.36,0.001502
5,large_80pct,2,14,75.0,375000,317058,317818.65,0.002399
5,large_80pct,2,15,80.0,400000,334419,334138.82,-0.000838
5,large_80pct,2,16,85.0,425000,351512,350885.38,-0.001783
5,large_80pct,2,17,90.0,450000,368051,367076.67,-0.002647
5,large_80pct,2,18,95.0,475000,384276,382358.30,-0.004990
5,large_80pct,2,19,100.0,500000,400000,397868.06,-0.005330
5,large_80pct,3,0,5.0,25000,24714,24615.33,-0.003993
5,large_80pct,3,1,10.0,50000,48855,49438.48,0.011943
5,large_80pct,3,2,15.0,75000,72524,73507.47,0.013561
5,large_80pct,3,3,20.0,100000,95627,96320.81,0.007255
5,large_80pct,3,4,25.0,125000,118197,119271.06,0.009087
5,large_80pct,3,5,30.0,150000,140133,141546.94,0.010090
5,large_80pct,3,6,35.0,175000,161659,162401.93,0.004596
5,large_80pct,3,7,40.0,200000,182794,184112.74,0.007214
5,large_80pct,3,8,45.0,225000,203342,204696.46,0.006661
5,large_80pct,3,9,50.0,250000,223390,224955.56,0.007008
5,large_80pct,3,10,55.0,275000,243027,244654.16,0.006695
5,large_80pct,3,11,60.0,300000,262122,263984.76,0.007106
5,large_80pct,3,12,65.0,325000,280852,281945.71,0.003894
5,large_80pct,3,13,70.0,350000,299109,299483.22,0.001251
5,large_80pct,3,14,75.0,375000,316846,318224.52,0.004351
5,large_80pct,3,15,80.0,400000,334196,335969.92,0.005308
5,large_80pct,3,16,85.0,425000,351254,353415.26,0.006153
5,large_80pct,3,17,90.0,450000,367901,369194.55,0.003516
5,large_80pct,3,18,95.0,475000,384239,385722.97,0.003862
5,large_80pct,3,19,100.0,500000,400000,401776.52,0.004441
5,large_80pct,4,0,5.0,25000,24747,24955.77,0.008436
5,large_80pct,4,1,10.0,50000,48872,49345.49,0.009688
5,large_80pct,4,2,15.0,75000,72529,72869.32,0.004692
5,large_80pct,4,3,20.0,100000,95605,95480.71,-0.001300
5,large_80pct,4,4,25.0,125000,118113,117916.84,-0.001661
5,large_80pct,4,5,30.0,150000,140172,140834.03,0.004723
5,large_80pct,4,6,35.0,175000,161670,161808.35,0.000856
5,large_80pct,4,7,40.0,200000,182754,183114.85,0.001975
5,large_80pct,4,8,45.0,225000,203370,203310.86,-0.000291
5,large_80pct,4,9,50.0,250000,223491,223365.94,-0.000560
5,large_80pct,4,10,55.0,275000,243073,242295.42,-0.003199
5,large_80pct,4,11,60.0,300000,262262,260933.05,-0.005067
5,large_80pct,4,12,65.0,325000,280978,279760.53,-0.004333
5,large_80pct,4,13,70.0,350000,299213,297906.33,-0.004367
5,large_80pct,4,14,75.0,375000,317055,315543.14,-0.004768
5,large_80pct,4,15,80.0,400000,334376,332961.05,-0.004232
5,large_80pct,4,16,85.0,425000,351467,349943.95,-0.004333
5,large_80pct,4,17,90.0,450000,368016,364959.95,-0.008304
5,large_80pct,4,18,95.0,475000,384203,381274.26,-0.007623
5,large_80pct,4,19,100.0,500000,400000,397285.71,-0.006786
5,large_80pct,5,0,5.0,25000,24733,24365.66,-0.014852
5,large_80pct,5,1,10.0,50000,48915,49067.28,0.003113
5,large_80pct,5,2,15.0,75000,72651,73609.80,0.013197
5,large_80pct,5,3,20.0,100000,95776,96726.07,0.009920
5,large_80pct,5,4,25.0,125000,118387,119582.43,0.010098
5,large_80pct,5,5,30.0,150000,140450,141950.02,0.010680
5,large_80pct,5,6,35.0,175000,162026,163311.64,0.007935
5,large_80pct,5,7,40.0,200000,183002,184148.43,0.006265
5,large_80pct,5,8,45.0,225000,203540,204377.66,0.004115
5,large_80pct,5,9,50.0,250000,223531,223563.07,0.000143
5,large_80pct,5,10,55.0,275000,243178,243261.22,0.000342
5,large_80pct,5,11,60.0,300000,262291,261792.52,-0.001900
5,large_80pct,5,12,65.0,325000,281165,281507.70,0.001219
5,large_80pct,5,13,70.0,350000,299348,300104.41,0.002527
5,large_80pct,5,14,75.0,375000,316967,319634.93,0.008417
5,large_80pct,5,15,80.0,400000,334398,337741.47,0.009998
5,large_80pct,5,16,85.0,425000,351497,354698.43,0.009108
5,large_80pct,5,17,90.0,450000,367969,371545.99,0.009721
5,large_80pct,5,18,95.0,475000,384251,387062.49,0.007317
5,large_80pct,5,19,100.0,500000,400000,403477.04,0.008693
5,large_80pct,6,0,5.0,25000,24726,24777.86,0.002097
5,large_80pct,6,1,10.0,50000,48891,49564.35,0.013772
5,large_80pct,6,2,15.0,75000,72526,72946.25,0.005794
5,large_80pct,6,3,20.0,100000,95701,94952.29,-0.007823
5,large_80pct,6,4,25.0,125000,118226,117424.44,-0.006780
5,large_80pct,6,5,30.0,150000,140255,138631.83,-0.011573
5,large_80pct,6,6,35.0,175000,161805,160172.39,-0.010090
5,large_80pct,6,7,40.0,200000,182850,180601.72,-0.012296
5,large_80pct,6,8,45.0,225000,203448,201264.34,-0.010733
5,large_80pct,6,9,50.0,250000,223503,220578.15,-0.013086
5,large_80pct,6,10,55.0,275000,243077,239474.94,-0.014819
5,large_80pct,6,11,60.0,300000,262230,259036.31,-0.012179
5,large_80pct,6,12,65.0,325000,280857,277671.67,-0.011341
5,large_80pct,6,13,70.0,350000,299221,297833.89,-0.004636
5,large_80pct,6,14,75.0,375000,317157,315118.69,-0.006427
5,large_80pct,6,15,80.0,400000,334465,331794.54,-0.007984
5,large_80pct,6,16,85.0,425000,351514,348994.39,-0.007168
5,large_80pct,6,17,90.0,450000,368066,366479.08,-0.004312
5,large_80pct,6,18,95.0,475000,384321,382637.32,-0.004381
5,large_80pct,6,19,100.0,500000,400000,398982.73,-0.002543
5,large_80pct,7,0,5.0,25000,24726,24454.39,-0.010985
5,large_80pct,7,1,10.0,50000,48899,49123.75,0.004596
5,large_80pct,7,2,15.0,75000,72556,72187.27,-0.005082
5,large_80pct,7,3,20.0,100000,95696,95837.85,0.001482
5,large_80pct,7,4,25.0,125000,118256,118429.16,0.001464
5,large_80pct,7,5,30.0,150000,140301,140494.40,0.001378
5,large_80pct,7,6,35.0,175000,161873,162514.76,0.003965
5,large_80pct,7,7,40.0,200000,182802,183375.35,0.003136
5,large_80pct,7,8,45.0,225000,203434,204830.72,0.006866
5,large_80pct,7,9,50.0,250000,223617,222702.13,-0.004091
5,large_80pct,7,10,55.0,275000,243189,241291.70,-0.007802
5,large_80pct,7,11,60.0,300000,262380,261077.39,-0.004965
5,large_80pct,7,12,65.0,325000,280983,279667.97,-0.004680
5,large_80pct,7,13,70.0,350000,299174,296839.81,-0.007802
5,large_80pct,7,14,75.0,375000,316967,313907.96,-0.009651
5,large_80pct,7,15,80.0,400000,334396,329772.32,-0.013827
5,large_80pct,7,16,85.0,425000,351421,346511.77,-0.013970
5,large_80pct,7,17,90.0,450000,368101,363178.44,-0.013373
5,large_80pct,7,18,95.0,475000,384357,379050.51,-0.013806
5,large_80pct,7,19,100.0,500000,400000,394226.48,-0.014434
5,large_80pct,8,0,5.0,25000,24731,24494.48,-0.009564
5,large_80pct,8,1,10.0,50000,48908,48655.99,-0.005153
5,large_80pct,8,2,15.0,75000,72556,71823.40,-0.010097
5,large_80pct,8,3,20.0,100000,95670,94776.30,-0.009342
5,large_80pct,8,4,25.0,125000,118244,118066.88,-0.001498
5,large_80pct,8,5,30.0,150000,140402,140692.95,0.002072
5,large_80pct,8,6,35.0,175000,161944,162142.99,0.001229
5,large_80pct,8,7,40.0,200000,183104,182517.20,-0.003205
5,large_80pct,8,8,45.0,225000,203685,204807.41,0.005511
5,large_80pct,8,9,50.0,250000,223712,224604.36,0.003989
5,large_80pct,8,10,55.0,275000,243216,243633.98,0.001719
5,large_80pct,8,11,60.0,300000,262385,262926.06,0.002062
5,large_80pct,8,12,65.0,325000,281118,281103.12,-0.000053
5,large_80pct,8,13,70.0,350000,299422,299677.09,0.000852
5,large_80pct,8,14,75.0,375000,317196,318218.47,0.003223
5,large_80pct,8,15,80.0,400000,334553,335174.97,0.001859
5,large_80pct,8,16,85.0,425000,351463,350210.76,-0.003563
5,large_80pct,8,17,90.0,450000,368057,366583.46,-0.004004
5,large_80pct,8,18,95.0,475000,384148,383664.17,-0.001259
5,large_80pct,8,19,100.0,500000,400000,398851.96,-0.002870
5,large_80pct,9,0,5.0,25000,24709,24823.29,0.004626
5,large_80pct,9,1,10.0,50000,48889,49605.62,0.014658
5,large_80pct,9,2,15.0,75000,72506,72705.38,0.002750
5,large_80pct,9,3,20.0,100000,95631,96203.88,0.005990
5,large_80pct,9,4,25.0,125000,118272,118548.02,0.002334
5,large_80pct,9,5,30.0,150000,140346,140474.17,0.000913
5,large_80pct,9,6,35.0,175000,161860,161770.08,-0.000556
5,large_80pct,9,7,40.0,200000,182868,183534.81,0.003646
5,large_80pct,9,8,45.0,225000,203419,205414.97,0.009812
5,large_80pct,9,9,50.0,250000,223533,225078.11,0.006912
5,large_80pct,9,10,55.0,275000,243158,245002.38,0.007585
5,large_80pct,9,11,60.0,300000,262299,265888.52,0.013685
5,large_80pct,9,12,65.0,325000,280908,283962.85,0.010875
5,large_80pct,9,13,70.0,350000,299199,302360.77,0.010567
5,large_80pct,9,14,75.0,375000,317083,320795.95,0.011710
5,large_80pct,9,15,80.0,400000,334362,337871.32,0.010496
5,large_80pct,9,16,85.0,425000,351436,355725.13,0.012205
5,large_80pct,9,17,90.0,450000,368103,373204.27,0.013858
5,large_80pct,9,18,95.0,475000,384294,390548.74,0.016276
5,large_80pct,9,19,100.0,500000,400000,405669.04,0.014173
6,xlarge_50pct,0,0,5.0,50000,48193,48623.66,0.008936
6,xlarge_50pct,0,1,10.0,100000,92865,91881.97,-0.010586
6,xlarge_50pct,0,2,15.0,150000,134141,133861.96,-0.002080
6,xlarge_50pct,0,3,20.0,200000,172321,171834.46,-0.002823
6,xlarge_50pct,0,4,25.0,250000,207889,207706.73,-0.000877
6,xlarge_50pct,0,5,30.0,300000,240767,241607.25,0.003490
6,xlarge_50pct,0,6,35.0,350000,271107,270259.00,-0.003128
6,xlarge_50pct,0,7,40.0,400000,298853,299909.16,0.003534
6,xlarge_50pct,0,8,45.0,450000,324404,327842.64,0.010600
6,xlarge_50pct,0,9,50.0,500000,348172,351949.22,0.010849
6,xlarge_50pct,0,10,55.0,550000,370040,372365.34,0.006284
6,xlarge_50pct,0,11,60.0,600000,390151,391988.41,0.004709
6,xlarge_50pct,0,12,65.0,650000,408761,411361.94,0.006363
6,xlarge_50pct,0,13,70.0,700000,425635,428097.12,0.005785
6,xlarge_50pct,0,14,75.0,750000,441015,440758.30,-0.000582
6,xlarge_50pct,0,15,80.0,800000,455263,454657.90,-0.001329
6,xlarge_50pct,0,16,85.0,850000,467981,467046.11,-0.001998
6,xlarge_50pct,0,17,90.0,900000,479816,479454.77,-0.000753
6,xlarge_50pct,0,18,95.0,950000,490442,489906.77,-0.001091
6,xlarge_50pct,0,19,100.0,1000000,500000,498119.43,-0.003761
6,xlarge_50pct,1,0,5.0,50000,48141,48924.90,0.016284
6,xlarge_50pct,1,1,10.0,100000,92860,93101.97,0.002606
6,xlarge_50pct,1,2,15.0,150000,134217,133448.12,-0.005729
6,xlarge_50pct,1,3,20.0,200000,172517,170557.68,-0.011357
6,xlarge_50pct,1,4,25.0,250000,208175,204679.82,-0.016790
6,xlarge_50pct,1,5,30.0,300000,240866,238944.50,-0.007977
6,xlarge_50pct,1,6,35.0,350000,271044,272353.18,0.004830
6,xlarge_50pct,1,7,40.0,400000,298885,299749.33,0.002892
6,xlarge_50pct,1,8,45.0,450000,324615,324323.75,-0.000897
6,xlarge_50pct,1,9,50.0,500000,348337,346302.69,-0.005840
6,xlarge_50pct,1,10,55.0,550000,370092,368678.12,-0.003820
6,xlarge_50pct,1,11,60.0,600000,390065,388416.61,-0.004226
6,xlarge_50pct,1,12,65.0,650000,408451,407056.47,-0.003414
6,xlarge_50pct,1,13,70.0,700000,425164,424855.85,-0.000725
6,xlarge_50pct,1,14,75.0,750000,440740,441260.92,0.001182
6,xlarge_50pct,1,15,80.0,800000,454879,454762.30,-0.000257
6,xlarge_50pct,1,16,85.0,850000,467706,466233.42,-0.003149
6,xlarge_50pct,1,17,90.0,900000,479503,478337.50,-0.002431
6,xlarge_50pct,1,18,95.0,950000,490318,489317.13,-0.002041
6,xlarge_50pct,1,19,100.0,1000000,500000,498171.65,-0.003657
6,xlarge_50pct,2,0,5.0,50000,48226,49360.42,0.023523
6,xlarge_50pct,2,1,10.0,100000,92958,93012.33,0.000584
6,xlarge_50pct,2,2,15.0,150000,134265,134192.85,-0.000537
6,xlarge_50pct,2,3,20.0,200000,172467,171147.81,-0.007649
6,xlarge_50pct,2,4,25.0,250000,208035,207718.22,-0.001523
6,xlarge_50pct,2,5,30.0,300000,240738,240969.21,0.000960
6,xlarge_50pct,2,6,35.0,350000,270858,271128.30,0.000998
6,xlarge_50pct,2,7,40.0,400000,298990,296520.52,-0.008259
6,xlarge_50pct,2,8,45.0,450000,324744,322506.96,-0.006889
6,xlarge_50pct,2,9,50.0,500000,348411,346077.57,-0.006697
6,xlarge_50pct,2,10,55.0,550000,370248,367930.91,-0.006258
6,xlarge_50pct,2,11,60.0,600000,390266,387862.20,-0.006159
6,xlarge_50pct,2,12,65.0,650000,408706,404227.03,-0.010959
6,xlarge_50pct,2,13,70.0,700000,425444,418376.40,-0.016612
6,xlarge_50pct,2,14,75.0,750000,440847,433824.72,-0.015929
6,xlarge_50pct,2,15,80.0,800000,455074,448250.82,-0.014994
6,xlarge_50pct,2,16,85.0,850000,468058,461484.26,-0.014045
6,xlarge_50pct,2,17,90.0,900000,479784,473650.89,-0.012783
6,xlarge_50pct,2,18,95.0,950000,490524,484396.00,-0.012493
6,xlarge_50pct,2,19,100.0,1000000,500000,493043.27,-0.013913
6,xlarge_50pct,3,0,5.0,50000,48097,48176.14,0.001645
6,xlarge_50pct,3,1,10.0,100000,92860,91995.28,-0.009312
6,xlarge_50pct,3,2,15.0,150000,134348,133213.62,-0.008444
6,xlarge_50pct,3,3,20.0,200000,172606,170829.28,-0.010293
6,xlarge_50pct,3,4,25.0,250000,207891,206666.37,-0.005891
6,xlarge_50pct,3,5,30.0,300000,240673,239591.91,-0.004492
6,xlarge_50pct,3,6,35.0,350000,270924,271572.47,0.002394
6,xlarge_50pct,3,7,40.0,400000,298783,300533.49,0.005859
6,xlarge_50pct,3,8,45.0,450000,324517,326716.00,0.006776
6,xlarge_50pct,3,9,50.0,500000,348325,350203.98,0.005394
6,xlarge_50pct,3,10,55.0,550000,370179,372712.99,0.006845
6,xlarge_50pct,3,11,60.0,600000,390182,392664.99,0.006364
6,xlarge_50pct,3,12,65.0,650000,408779,409761.54,0.002404
6,xlarge_50pct,3,13,70.0,700000,425526,427139.99,0.003793
6,xlarge_50pct,3,14,75.0,750000,440831,441852.22,0.002317
6,xlarge_50pct,3,15,80.0,800000,455069,456285.35,0.002673
6,xlarge_50pct,3,16,85.0,850000,467942,470069.62,0.004547
6,xlarge_50pct,3,17,90.0,900000,479651,482283.43,0.005488
6,xlarge_50pct,3,18,95.0,950000,490314,493488.26,0.006474
6,xlarge_50pct,3,19,100.0,1000000,500000,502993.87,0.005988
6,xlarge_50pct,4,0,5.0,50000,48175,48817.66,0.013340
6,xlarge_50pct,4,1,10.0,100000,92808,93187.45,0.004088
6,xlarge_50pct,4,2,15.0,150000,134238,135261.18,0.007622
6,xlarge_50pct,4,3,20.0,200000,172387,172066.76,-0.001858
6,xlarge_50pct,4,4,25.0,250000,207776,207401.00,-0.001805
6,xlarge_50pct,4,5,30.0,300000,240650,240825.26,0.000728
6,xlarge_50pct,4,6,35.0,350000,270875,272675.56,0.006647
6,xlarge_50pct,4,7,40.0,400000,298859,300187.88,0.004446
6,xlarge_50pct,4,8,45.0,450000,324706,326056.32,0.004159
6,xlarge_50pct,4,9,50.0,500000,348473,351472.11,0.008606
6,xlarge_50pct,4,10,55.0,550000,370292,374041.22,0.010125
6,xlarge_50pct,4,11,60.0,600000,390378,396468.82,0.015602
6,xlarge_50pct,4,12,65.0,650000,408670,416312.56,0.018701
6,xlarge_50pct,4,13,70.0,700000,425595,432246.35,0.015628
6,xlarge_50pct,4,14,75.0,750000,441123,448437.32,0.016581
6,xlarge_50pct,4,15,80.0,800000,455258,463693.15,0.018528
6,xlarge_50pct,4,16,85.0,850000,468252,476302.91,0.017194
6,xlarge_50pct,4,17,90.0,900000,480009,488459.08,0.017604
6,xlarge_50pct,4,18,95.0,950000,490514,499332.11,0.017977
6,xlarge_50pct,4,19,100.0,1000000,500000,508674.30,0.017349
6,xlarge_50pct,5,0,5.0,50000,48146,48728.56,0.012100
6,xlarge_50pct,5,1,10.0,100000,92867,92759.00,-0.001163
6,xlarge_50pct,5,2,15.0,150000,134397,135231.90,0.006212
6,xlarge_50pct,5,3,20.0,200000,172837,175244.55,0.013930
6,xlarge_50pct,5,4,25.0,250000,208075,211431.98,0.016134
6,xlarge_50pct,5,5,30.0,300000,240767,244325.29,0.014779
6,xlarge_50pct,5,6,35.0,350000,271018,275355.80,0.016006
6,xlarge_50pct,5,7,40.0,400000,299143,304881.53,0.019183
6,xlarge_50pct,5,8,45.0,450000,324928,331368.40,0.019821
6,xlarge_50pct,5,9,50.0,500000,348635,353492.83,0.013934
6,xlarge_50pct,5,10,55.0,550000,370472,376401.16,0.016004
6,xlarge_50pct,5,11,60.0,600000,390577,398443.00,0.020139
6,xlarge_50pct,5,12,65.0,650000,408773,415205.31,0.015736
6,xlarge_50pct,5,13,70.0,700000,425710,432258.66,0.015383
6,xlarge_50pct,5,14,75.0,750000,440972,448009.11,0.015958
6,xlarge_50pct,5,15,80.0,800000,455038,461468.25,0.014131
6,xlarge_50pct,5,16,85.0,850000,467956,474652.52,0.014310
6,xlarge_50pct,5,17,90.0,900000,479785,485174.00,0.011232
6,xlarge_50pct,5,18,95.0,950000,490438,495286.28,0.009886
6,xlarge_50pct,5,19,100.0,1000000,500000,504907.98,0.009816
6,xlarge_50pct,6,0,5.0,50000,48210,48520.59,0.006442
6,xlarge_50pct,6,1,10.0,100000,92854,92662.11,-0.002067
6,xlarge_50pct,6,2,15.0,150000,134183,133562.70,-0.004623
6,xlarge_50pct,6,3,20.0,200000,172696,171728.39,-0.005603
6,xlarge_50pct,6,4,25.0,250000,208278,207509.85,-0.003688
6,xlarge_50pct,6,5,30.0,300000,240937,239693.39,-0.005162
6,xlarge_50pct,6,6,35.0,350000,271162,269815.87,-0.004964
6,xlarge_50pct,6,7,40.0,400000,299210,297347.07,-0.006226
6,xlarge_50pct,6,8,45.0,450000,324802,322644.19,-0.006643
6,xlarge_50pct,6,9,50.0,500000,348696,346332.89,-0.006777
6,xlarge_50pct,6,10,55.0,550000,370477,366647.77,-0.010336
6,xlarge_50pct,6,11,60.0,600000,390403,387322.36,-0.007891
6,xlarge_50pct,6,12,65.0,650000,408914,406692.94,-0.005432
6,xlarge_50pct,6,13,70.0,700000,425773,425062.47,-0.001669
6,xlarge_50pct,6,14,75.0,750000,441162,440316.39,-0.001917
6,xlarge_50pct,6,15,80.0,800000,455254,453145.36,-0.004632
6,xlarge_50pct,6,16,85.0,850000,468106,467949.83,-0.000334
6,xlarge_50pct,6,17,90.0,900000,479804,480468.90,0.001386
6,xlarge_50pct,6,18,95.0,950000,490276,490672.23,0.000808
6,xlarge_50pct,6,19,100.0,1000000,500000,499604.80,-0.000790
6,xlarge_50pct,7,0,5.0,50000,48143,49315.11,0.024346
6,xlarge_50pct,7,1,10.0,100000,92675,93553.50,0.009479
6,xlarge_50pct,7,2,15.0,150000,134125,135918.48,0.013372
6,xlarge_50pct,7,3,20.0,200000,172384,175209.39,0.016390
6,xlarge_50pct,7,4,25.0,250000,207944,210676.23,0.013139
6,xlarge_50pct,7,5,30.0,300000,240645,244438.46,0.015764
6,xlarge_50pct,7,6,35.0,350000,270826,275454.14,0.017089
6,xlarge_50pct,7,7,40.0,400000,298761,302333.53,0.011958
6,xlarge_50pct,7,8,45.0,450000,324619,328452.02,0.011808
6,xlarge_50pct,7,9,50.0,500000,348396,352476.57,0.011712
6,xlarge_50pct,7,10,55.0,550000,370362,377127.51,0.018267
6,xlarge_50pct,7,11,60.0,600000,390496,398567.47,0.020670
6,xlarge_50pct,7,12,65.0,650000,408778,415596.75,0.016681
6,xlarge_50pct,7,13,70.0,700000,425604,433453.57,0.018443
6,xlarge_50pct,7,14,75.0,750000,441007,447340.25,0.014361
6,xlarge_50pct,7,15,80.0,800000,455200,461968.46,0.014869
6,xlarge_50pct,7,16,85.0,850000,467988,473299.26,0.011349
6,xlarge_50pct,7,17,90.0,900000,479804,485580.77,0.012040
6,xlarge_50pct,7,18,95.0,950000,490400,496875.45,0.013204
6,xlarge_50pct,7,19,100.0,1000000,500000,506476.25,0.012953
6,xlarge_50pct,8,0,5.0,50000,48170,48536.46,0.007608
6,xlarge_50pct,8,1,10.0,100000,92826,93139.22,0.003374
6,xlarge_50pct,8,2,15.0,150000,134214,134951.88,0.005498
6,xlarge_50pct,8,3,20.0,200000,172507,173707.39,0.006959
6,xlarge_50pct,8,4,25.0,250000,207758,208560.23,0.003861
6,xlarge_50pct,8,5,30.0,300000,240510,239227.05,-0.005334
6,xlarge_50pct,8,6,35.0,350000,270824,269604.68,-0.004502
6,xlarge_50pct,8,7,40.0,400000,298778,295682.83,-0.010359
6,xlarge_50pct,8,8,45.0,450000,324568,321473.64,-0.009534
6,xlarge_50pct,8,9,50.0,500000,348352,344743.45,-0.010359
6,xlarge_50pct,8,10,55.0,550000,370110,367332.20,-0.007505
6,xlarge_50pct,8,11,60.0,600000,390166,386335.76,-0.009817
6,xlarge_50pct,8,12,65.0,650000,408566,404350.53,-0.010318
6,xlarge_50pct,8,13,70.0,700000,425457,420569.62,-0.011487
6,xlarge_50pct,8,14,75.0,750000,441011,435041.23,-0.013537
6,xlarge_50pct,8,15,80.0,800000,455150,450336.68,-0.010575
6,xlarge_50pct,8,16,85.0,850000,467959,462759.10,-0.011112
6,xlarge_50pct,8,17,90.0,900000,479599,474336.36,-0.010973
6,xlarge_50pct,8,18,95.0,950000,490320,485187.96,-0.010467
6,xlarge_50pct,8,19,100.0,1000000,500000,495516.03,-0.008968
6,xlarge_50pct,9,0,5.0,50000,48282,48632.87,0.007267
6,xlarge_50pct,9,1,10.0,100000,92944,92611.74,-0.003575
6,xlarge_50pct,9,2,15.0,150000,134468,134005.61,-0.003439
6,xlarge_50pct,9,3,20.0,200000,172762,172387.70,-0.002167
6,xlarge_50pct,9,4,25.0,250000,208203,206765.40,-0.006905
6,xlarge_50pct,9,5,30.0,300000,240914,239032.28,-0.007811
6,xlarge_50pct,9,6,35.0,350000,271253,271731.04,0.001762
6,xlarge_50pct,9,7,40.0,400000,299043,300374.26,0.004452
6,xlarge_50pct,9,8,45.0,450000,324707,326797.44,0.006438
6,xlarge_50pct,9,9,50.0,500000,348302,350399.54,0.006022
6,xlarge_50pct,9,10,55.0,550000,370247,375299.48,0.013646
6,xlarge_50pct,9,11,60.0,600000,390206,395381.59,0.013264
6,xlarge_50pct,9,12,65.0,650000,408500,412576.96,0.009980
6,xlarge_50pct,9,13,70.0,700000,425380,429152.72,0.008869
6,xlarge_50pct,9,14,75.0,750000,440912,444322.10,0.007734
6,xlarge_50pct,9,15,80.0,800000,455007,457883.25,0.006321
6,xlarge_50pct,9,16,85.0,850000,468049,470309.70,0.004830
6,xlarge_50pct,9,17,90.0,900000,479727,483210.81,0.007262
6,xlarge_50pct,9,18,95.0,950000,490299,495207.64,0.010012
6,xlarge_50pct,9,19,100.0,1000000,500000,505397.45,0.010795
